dataset,category,group,case_name,delta_iou_frangi_minus_baseline,variant,target_proxy_pixels,average_precision,average_precision_tolerant_r2,mass_near_target_r2,top_target_count_effective,top_target_count_precision_r2,target_coverage_r2,weighted_distance_mean_px,weighted_distance_p90_px,false_component_count_top_target,false_component_largest_top_target_px,response_mean,response_sum,active_fraction,response_p99_minus_p50,spearman_with_soft_target
khanhha_original,gain_baseline,failures,cracktree200_6266.jpg,-0.16966789327720116,luminance,127,0.016350010496991647,0.0910643899861534,0.11635710368282533,127,0.0,0.0,40.979347229003906,86.68333435058594,2,113,0.07399202138185501,3452.171630859375,0.2019247256515775,0.9482441544532776,0.14160737718153407
khanhha_original,gain_baseline,all,cracktree200_6266.jpg,-0.16966789327720116,luminance,127,0.016350010496991647,0.0910643899861534,0.11635710368282533,127,0.0,0.0,40.979347229003906,86.68333435058594,2,113,0.07399202138185501,3452.171630859375,0.2019247256515775,0.9482441544532776,0.14160737718153407
khanhha_original,gain_baseline,failures,cracktree200_6266.jpg,-0.16966789327720116,lab_cstar_dark,127,0.0025332272319140113,0.027166595909307565,0.02282127907892621,127,0.0,0.0,37.72693634033203,79.8122787475586,28,10,0.0405585877597332,1892.3013916015625,0.3020618998628258,0.4093487858772278,0.030791274644917196
khanhha_original,gain_baseline,all,cracktree200_6266.jpg,-0.16966789327720116,lab_cstar_dark,127,0.0025332272319140113,0.027166595909307565,0.02282127907892621,127,0.0,0.0,37.72693634033203,79.8122787475586,28,10,0.0405585877597332,1892.3013916015625,0.3020618998628258,0.4093487858772278,0.030791274644917196
khanhha_original,gain_baseline,failures,cracktree200_6266.jpg,-0.16966789327720116,lab_cstar_bipolar,127,0.0025332272319140113,0.027166595909307565,0.02282127907892621,127,0.0,0.0,37.72693634033203,79.8122787475586,28,10,0.0405585877597332,1892.3013916015625,0.3020618998628258,0.4093487858772278,0.030791274644917196
khanhha_original,gain_baseline,all,cracktree200_6266.jpg,-0.16966789327720116,lab_cstar_bipolar,127,0.0025332272319140113,0.027166595909307565,0.02282127907892621,127,0.0,0.0,37.72693634033203,79.8122787475586,28,10,0.0405585877597332,1892.3013916015625,0.3020618998628258,0.4093487858772278,0.030791274644917196
khanhha_original,gain_baseline,failures,cracktree200_6266.jpg,-0.16966789327720116,lab_astar_bipolar,127,0.002722050754458162,0.028356481481481483,0.0,0,0.0,0.0,nan,nan,0,0,0.0,0.0,0.0,0.0,nan
khanhha_original,gain_baseline,all,cracktree200_6266.jpg,-0.16966789327720116,lab_astar_bipolar,127,0.002722050754458162,0.028356481481481483,0.0,0,0.0,0.0,nan,nan,0,0,0.0,0.0,0.0,0.0,nan
khanhha_original,gain_baseline,failures,cracktree200_6266.jpg,-0.16966789327720116,lab_bstar_bipolar,127,0.002722050754458162,0.028356481481481483,0.0,0,0.0,0.0,nan,nan,0,0,0.0,0.0,0.0,0.0,nan
khanhha_original,gain_baseline,all,cracktree200_6266.jpg,-0.16966789327720116,lab_bstar_bipolar,127,0.002722050754458162,0.028356481481481483,0.0,0,0.0,0.0,nan,nan,0,0,0.0,0.0,0.0,0.0,nan
khanhha_original,gain_baseline,failures,cracktree200_6266.jpg,-0.16966789327720116,lab_ab_opponent,127,0.002722050754458162,0.028356481481481483,0.0,0,0.0,0.0,nan,nan,0,0,0.0,0.0,0.0,0.0,nan
khanhha_original,gain_baseline,all,cracktree200_6266.jpg,-0.16966789327720116,lab_ab_opponent,127,0.002722050754458162,0.028356481481481483,0.0,0,0.0,0.0,nan,nan,0,0,0.0,0.0,0.0,0.0,nan
khanhha_original,gain_baseline,failures,cracktree200_6266.jpg,-0.16966789327720116,hsv_saturation_bipolar,127,0.002722050754458162,0.028356481481481483,0.0,0,0.0,0.0,nan,nan,0,0,0.0,0.0,0.0,0.0,nan
khanhha_original,gain_baseline,all,cracktree200_6266.jpg,-0.16966789327720116,hsv_saturation_bipolar,127,0.002722050754458162,0.028356481481481483,0.0,0,0.0,0.0,nan,nan,0,0,0.0,0.0,0.0,0.0,nan
khanhha_original,gain_baseline,failures,cracktree200_6266.jpg,-0.16966789327720116,log_chroma_pc1_bipolar,127,0.002722050754458162,0.028356481481481483,0.0,0,0.0,0.0,nan,nan,0,0,0.0,0.0,0.0,0.0,nan
khanhha_original,gain_baseline,all,cracktree200_6266.jpg,-0.16966789327720116,log_chroma_pc1_bipolar,127,0.002722050754458162,0.028356481481481483,0.0,0,0.0,0.0,nan,nan,0,0,0.0,0.0,0.0,0.0,nan
khanhha_noisy1,gain_baseline,failures,CRACK500_20160222_115828_641_1.jpg,-0.5848158356301679,luminance,646,0.42962676152121265,0.37648285489602,0.2218706227857477,646,0.6501547987616099,0.7244582043343654,43.81709671020508,104.58011627197266,16,35,0.06714370846748352,3132.656982421875,0.17348251028806586,0.876348078250885,0.20875993356004416
khanhha_noisy1,gain_baseline,all,CRACK500_20160222_115828_641_1.jpg,-0.5848158356301679,luminance,646,0.42962676152121265,0.37648285489602,0.2218706227857477,646,0.6501547987616099,0.7244582043343654,43.81709671020508,104.58011627197266,16,35,0.06714370846748352,3132.656982421875,0.17348251028806586,0.876348078250885,0.20875993356004416
khanhha_noisy1,gain_baseline,failures,CRACK500_20160222_115828_641_1.jpg,-0.5848158356301679,lab_cstar_dark,646,0.026726822774744988,0.05790087731980834,0.08361631273079527,646,0.08978328173374613,0.08823529411764706,57.56288146972656,108.67382049560547,33,90,0.07443772256374359,3472.96630859375,0.17234653635116598,0.8292714357376099,0.06603292260312581
khanhha_noisy1,gain_baseline,all,CRACK500_20160222_115828_641_1.jpg,-0.5848158356301679,lab_cstar_dark,646,0.026726822774744988,0.05790087731980834,0.08361631273079527,646,0.08978328173374613,0.08823529411764706,57.56288146972656,108.67382049560547,33,90,0.07443772256374359,3472.96630859375,0.17234653635116598,0.8292714357376099,0.06603292260312581
khanhha_noisy1,gain_baseline,failures,CRACK500_20160222_115828_641_1.jpg,-0.5848158356301679,lab_cstar_bipolar,646,0.023353394710732386,0.05168151517894546,0.06093973285875853,646,0.07894736842105263,0.058823529411764705,61.02587890625,109.77249145507812,44,82,0.10849831253290176,5062.09716796875,0.2956318587105624,0.8432549834251404,0.04021096257581915
khanhha_noisy1,gain_baseline,all,CRACK500_20160222_115828_641_1.jpg,-0.5848158356301679,lab_cstar_bipolar,646,0.023353394710732386,0.05168151517894546,0.06093973285875853,646,0.07894736842105263,0.058823529411764705,61.02587890625,109.77249145507812,44,82,0.10849831253290176,5062.09716796875,0.2956318587105624,0.8432549834251404,0.04021096257581915
khanhha_noisy1,gain_baseline,failures,CRACK500_20160222_115828_641_1.jpg,-0.5848158356301679,lab_astar_bipolar,646,0.019245048669333194,0.0404463373713152,0.04380121616179511,646,0.0913312693498452,0.09287925696594428,45.98561477661133,97.0,23,83,0.062265895307064056,2905.07763671875,0.25690157750342935,0.6898728609085083,-0.0276140743978801
khanhha_noisy1,gain_baseline,all,CRACK500_20160222_115828_641_1.jpg,-0.5848158356301679,lab_astar_bipolar,646,0.019245048669333194,0.0404463373713152,0.04380121616179511,646,0.0913312693498452,0.09287925696594428,45.98561477661133,97.0,23,83,0.062265895307064056,2905.07763671875,0.25690157750342935,0.6898728609085083,-0.0276140743978801
khanhha_noisy1,gain_baseline,failures,CRACK500_20160222_115828_641_1.jpg,-0.5848158356301679,lab_bstar_bipolar,646,0.015608936474902111,0.04936348022300049,0.05661674623035065,646,0.0913312693498452,0.07430340557275542,46.101627349853516,94.08506774902344,26,60,0.11235006898641586,5241.8046875,0.2755272633744856,0.8813695907592773,0.035700305852580425
khanhha_noisy1,gain_baseline,all,CRACK500_20160222_115828_641_1.jpg,-0.5848158356301679,lab_bstar_bipolar,646,0.015608936474902111,0.04936348022300049,0.05661674623035065,646,0.0913312693498452,0.07430340557275542,46.101627349853516,94.08506774902344,26,60,0.11235006898641586,5241.8046875,0.2755272633744856,0.8813695907592773,0.035700305852580425
khanhha_noisy1,gain_baseline,failures,CRACK500_20160222_115828_641_1.jpg,-0.5848158356301679,lab_ab_opponent,646,0.01867390471727988,0.054642053125898704,0.05457667337486812,646,0.10371517027863777,0.1021671826625387,45.42679214477539,94.5938720703125,28,55,0.1545657366514206,7211.4189453125,0.43912894375857336,0.8969866037368774,0.02491822242801928
khanhha_noisy1,gain_baseline,all,CRACK500_20160222_115828_641_1.jpg,-0.5848158356301679,lab_ab_opponent,646,0.01867390471727988,0.054642053125898704,0.05457667337486812,646,0.10371517027863777,0.1021671826625387,45.42679214477539,94.5938720703125,28,55,0.1545657366514206,7211.4189453125,0.43912894375857336,0.8969866037368774,0.02491822242801928
khanhha_noisy1,gain_baseline,failures,CRACK500_20160222_115828_641_1.jpg,-0.5848158356301679,hsv_saturation_bipolar,646,0.035572789651435226,0.06094471613295281,0.08546425908190655,646,0.09907120743034056,0.12693498452012383,75.55845642089844,114.42464447021484,7,294,0.03240898996591568,1512.0738525390625,0.29723936899862824,0.6037739515304565,0.06847258947796483
khanhha_noisy1,gain_baseline,all,CRACK500_20160222_115828_641_1.jpg,-0.5848158356301679,hsv_saturation_bipolar,646,0.035572789651435226,0.06094471613295281,0.08546425908190655,646,0.09907120743034056,0.12693498452012383,75.55845642089844,114.42464447021484,7,294,0.03240898996591568,1512.0738525390625,0.29723936899862824,0.6037739515304565,0.06847258947796483
khanhha_noisy1,gain_baseline,failures,CRACK500_20160222_115828_641_1.jpg,-0.5848158356301679,log_chroma_pc1_bipolar,646,0.015700306737077098,0.04007486219176776,0.04766570330079402,646,0.04179566563467492,0.05263157894736842,54.54792404174805,104.12012481689453,34,90,0.08999264240264893,4198.69677734375,0.31348593964334703,0.7985221147537231,0.017553004780993378
khanhha_noisy1,gain_baseline,all,CRACK500_20160222_115828_641_1.jpg,-0.5848158356301679,log_chroma_pc1_bipolar,646,0.015700306737077098,0.04007486219176776,0.04766570330079402,646,0.04179566563467492,0.05263157894736842,54.54792404174805,104.12012481689453,34,90,0.08999264240264893,4198.69677734375,0.31348593964334703,0.7985221147537231,0.017553004780993378
khanhha_noisy2,gain_baseline,failures,CRACK500_20160308_073532_1_361.jpg,-0.8111651621966129,luminance,7878,0.1644854680241284,0.1873238022309177,0.19356679884788694,7878,0.20144706778370144,0.38156892612338156,67.71385955810547,141.0,104,902,0.08033710718154907,3748.2080078125,0.18704989711934156,0.8198918700218201,0.006393213635751935
khanhha_noisy2,gain_baseline,all,CRACK500_20160308_073532_1_361.jpg,-0.8111651621966129,luminance,7878,0.1644854680241284,0.1873238022309177,0.19356679884788694,7878,0.20144706778370144,0.38156892612338156,67.71385955810547,141.0,104,902,0.08033710718154907,3748.2080078125,0.18704989711934156,0.8198918700218201,0.006393213635751935
khanhha_noisy2,gain_baseline,failures,CRACK500_20160308_073532_1_361.jpg,-0.8111651621966129,lab_cstar_dark,7878,0.2095696766085408,0.24596975946239913,0.34778730240291816,7878,0.294998730642295,0.4405940594059406,39.34821319580078,110.11357879638672,114,447,0.042496614158153534,1982.7220458984375,0.1881215706447188,0.5880496501922607,0.11291001076861557
khanhha_noisy2,gain_baseline,all,CRACK500_20160308_073532_1_361.jpg,-0.8111651621966129,lab_cstar_dark,7878,0.2095696766085408,0.24596975946239913,0.34778730240291816,7878,0.294998730642295,0.4405940594059406,39.34821319580078,110.11357879638672,114,447,0.042496614158153534,1982.7220458984375,0.1881215706447188,0.5880496501922607,0.11291001076861557
khanhha_noisy2,gain_baseline,failures,CRACK500_20160308_073532_1_361.jpg,-0.8111651621966129,lab_cstar_bipolar,7878,0.31430283231988776,0.3455600105655936,0.408450356647564,7878,0.41304899720741306,0.6455953287636456,35.185325622558594,103.69667053222656,129,353,0.08089407533407211,3774.194091796875,0.3157793209876543,0.7200331091880798,0.26725795913440914
khanhha_noisy2,gain_baseline,all,CRACK500_20160308_073532_1_361.jpg,-0.8111651621966129,lab_cstar_bipolar,7878,0.31430283231988776,0.3455600105655936,0.408450356647564,7878,0.41304899720741306,0.6455953287636456,35.185325622558594,103.69667053222656,129,353,0.08089407533407211,3774.194091796875,0.3157793209876543,0.7200331091880798,0.26725795913440914
khanhha_noisy2,gain_baseline,failures,CRACK500_20160308_073532_1_361.jpg,-0.8111651621966129,lab_astar_bipolar,7878,0.2683765820383903,0.2902527348994679,0.37007465173662246,7878,0.3816958618938817,0.6236354404671236,42.95648956298828,110.16351318359375,106,461,0.08056332170963287,3758.762451171875,0.2844221536351166,0.7309964299201965,0.22637010683635653
khanhha_noisy2,gain_baseline,all,CRACK500_20160308_073532_1_361.jpg,-0.8111651621966129,lab_astar_bipolar,7878,0.2683765820383903,0.2902527348994679,0.37007465173662246,7878,0.3816958618938817,0.6236354404671236,42.95648956298828,110.16351318359375,106,461,0.08056332170963287,3758.762451171875,0.2844221536351166,0.7309964299201965,0.22637010683635653
khanhha_noisy2,gain_baseline,failures,CRACK500_20160308_073532_1_361.jpg,-0.8111651621966129,lab_bstar_bipolar,7878,0.2184255457387598,0.24373575558344582,0.2922023009284662,7878,0.29982228992129983,0.512058898197512,45.977745056152344,116.2755355834961,85,441,0.14568005502223969,6796.8486328125,0.29074502743484226,0.8900120258331299,0.1486767886946363
khanhha_noisy2,gain_baseline,all,CRACK500_20160308_073532_1_361.jpg,-0.8111651621966129,lab_bstar_bipolar,7878,0.2184255457387598,0.24373575558344582,0.2922023009284662,7878,0.29982228992129983,0.512058898197512,45.977745056152344,116.2755355834961,85,441,0.14568005502223969,6796.8486328125,0.29074502743484226,0.8900120258331299,0.1486767886946363
khanhha_noisy2,gain_baseline,failures,CRACK500_20160308_073532_1_361.jpg,-0.8111651621966129,lab_ab_opponent,7878,0.26161540223069146,0.28823825548280313,0.3104558506186995,7878,0.3379030210713379,0.5618177202335618,45.68226623535156,115.21284484863281,89,660,0.19351746141910553,9028.7509765625,0.4533393347050754,0.8936653137207031,0.2287224778426854
khanhha_noisy2,gain_baseline,all,CRACK500_20160308_073532_1_361.jpg,-0.8111651621966129,lab_ab_opponent,7878,0.26161540223069146,0.28823825548280313,0.3104558506186995,7878,0.3379030210713379,0.5618177202335618,45.68226623535156,115.21284484863281,89,660,0.19351746141910553,9028.7509765625,0.4533393347050754,0.8936653137207031,0.2287224778426854
khanhha_noisy2,gain_baseline,failures,CRACK500_20160308_073532_1_361.jpg,-0.8111651621966129,hsv_saturation_bipolar,7878,0.2498290287704566,0.27459803243153647,0.33082654510275983,7878,0.3427265803503427,0.506092916984006,38.28392791748047,95.52486419677734,61,491,0.10450302809476852,4875.693359375,0.3101423182441701,0.8276699781417847,0.17595422831941004
khanhha_noisy2,gain_baseline,all,CRACK500_20160308_073532_1_361.jpg,-0.8111651621966129,hsv_saturation_bipolar,7878,0.2498290287704566,0.27459803243153647,0.33082654510275983,7878,0.3427265803503427,0.506092916984006,38.28392791748047,95.52486419677734,61,491,0.10450302809476852,4875.693359375,0.3101423182441701,0.8276699781417847,0.17595422831941004
khanhha_noisy2,gain_baseline,failures,CRACK500_20160308_073532_1_361.jpg,-0.8111651621966129,log_chroma_pc1_bipolar,7878,0.23234099233779398,0.26519629503496256,0.32583569306696714,7878,0.3293983244478294,0.5081238893120081,39.612918853759766,105.67875671386719,55,495,0.1286500245332718,6002.29541015625,0.307934670781893,0.8773506879806519,0.20209745627168124
khanhha_noisy2,gain_baseline,all,CRACK500_20160308_073532_1_361.jpg,-0.8111651621966129,log_chroma_pc1_bipolar,7878,0.23234099233779398,0.26519629503496256,0.32583569306696714,7878,0.3293983244478294,0.5081238893120081,39.612918853759766,105.67875671386719,55,495,0.1286500245332718,6002.29541015625,0.307934670781893,0.8773506879806519,0.20209745627168124
road420,gain_baseline,failures,2023_10_30_16_44_IMG_6033.jpg,-0.6802705315293878,luminance,2289,0.8924286417115125,0.8001542424151133,0.7360427576323368,2289,0.9231105286151158,0.982088248143294,8.417963981628418,31.400636672973633,10,41,0.0545218400657177,2543.77099609375,0.1887002743484225,0.9716172814369202,0.4547602769037846
road420,gain_baseline,all,2023_10_30_16_44_IMG_6033.jpg,-0.6802705315293878,luminance,2289,0.8924286417115125,0.8001542424151133,0.7360427576323368,2289,0.9231105286151158,0.982088248143294,8.417963981628418,31.400636672973633,10,41,0.0545218400657177,2543.77099609375,0.1887002743484225,0.9716172814369202,0.4547602769037846
road420,gain_baseline,failures,2023_10_30_16_44_IMG_6033.jpg,-0.6802705315293878,lab_cstar_dark,2289,0.14924016720995367,0.17034243554792194,0.2268721520271062,2289,0.28615115771079075,0.3923110528615116,35.95540237426758,80.52328491210938,42,334,0.05180465802550316,2416.998046875,0.15845764746227708,0.7400950193405151,0.1508752479820315
road420,gain_baseline,all,2023_10_30_16_44_IMG_6033.jpg,-0.6802705315293878,lab_cstar_dark,2289,0.14924016720995367,0.17034243554792194,0.2268721520271062,2289,0.28615115771079075,0.3923110528615116,35.95540237426758,80.52328491210938,42,334,0.05180465802550316,2416.998046875,0.15845764746227708,0.7400950193405151,0.1508752479820315
road420,gain_baseline,failures,2023_10_30_16_44_IMG_6033.jpg,-0.6802705315293878,lab_cstar_bipolar,2289,0.12330391342958723,0.14642019640382775,0.17383696087203243,2289,0.24814329401485366,0.3840104849279161,46.040687561035156,96.33794403076172,39,277,0.08736403286457062,4076.05615234375,0.26626800411522633,0.8396286964416504,0.14845673884877708
road420,gain_baseline,all,2023_10_30_16_44_IMG_6033.jpg,-0.6802705315293878,lab_cstar_bipolar,2289,0.12330391342958723,0.14642019640382775,0.17383696087203243,2289,0.24814329401485366,0.3840104849279161,46.040687561035156,96.33794403076172,39,277,0.08736403286457062,4076.05615234375,0.26626800411522633,0.8396286964416504,0.14845673884877708
road420,gain_baseline,failures,2023_10_30_16_44_IMG_6033.jpg,-0.6802705315293878,lab_astar_bipolar,2289,0.09961995176503498,0.11576568615225895,0.1587279051845458,2289,0.21231979030144169,0.4582787243337702,41.70647430419922,93.08598327636719,65,141,0.052766092121601105,2461.854736328125,0.20931927297668038,0.6069358587265015,0.09487522253800969
road420,gain_baseline,all,2023_10_30_16_44_IMG_6033.jpg,-0.6802705315293878,lab_astar_bipolar,2289,0.09961995176503498,0.11576568615225895,0.1587279051845458,2289,0.21231979030144169,0.4582787243337702,41.70647430419922,93.08598327636719,65,141,0.052766092121601105,2461.854736328125,0.20931927297668038,0.6069358587265015,0.09487522253800969
road420,gain_baseline,failures,2023_10_30_16_44_IMG_6033.jpg,-0.6802705315293878,lab_bstar_bipolar,2289,0.10576936656206981,0.1331752204638491,0.18662405742542185,2289,0.1961555264307558,0.3420707732634338,35.01897430419922,96.50906372070312,20,304,0.049495138227939606,2309.2451171875,0.21285579561042525,0.7825530767440796,0.1755772467831278
road420,gain_baseline,all,2023_10_30_16_44_IMG_6033.jpg,-0.6802705315293878,lab_bstar_bipolar,2289,0.10576936656206981,0.1331752204638491,0.18662405742542185,2289,0.1961555264307558,0.3420707732634338,35.01897430419922,96.50906372070312,20,304,0.049495138227939606,2309.2451171875,0.21285579561042525,0.7825530767440796,0.1755772467831278
road420,gain_baseline,failures,2023_10_30_16_44_IMG_6033.jpg,-0.6802705315293878,lab_ab_opponent,2289,0.11619322105700026,0.13883893474584602,0.1610187294936288,2289,0.200087374399301,0.4119702927042377,38.36492156982422,94.02127075195312,40,231,0.08944637328386307,4173.2099609375,0.3443072702331962,0.8169237375259399,0.16143263473686614
road420,gain_baseline,all,2023_10_30_16_44_IMG_6033.jpg,-0.6802705315293878,lab_ab_opponent,2289,0.11619322105700026,0.13883893474584602,0.1610187294936288,2289,0.200087374399301,0.4119702927042377,38.36492156982422,94.02127075195312,40,231,0.08944637328386307,4173.2099609375,0.3443072702331962,0.8169237375259399,0.16143263473686614
road420,gain_baseline,failures,2023_10_30_16_44_IMG_6033.jpg,-0.6802705315293878,hsv_saturation_bipolar,2289,0.29153801309999366,0.34172805725489536,0.3734083561449913,2289,0.36435124508519,0.3652249890782001,29.23453712463379,92.43917083740234,6,345,0.04322962090373039,2016.9212646484375,0.263695987654321,0.8545364737510681,0.26355181558461577
road420,gain_baseline,all,2023_10_30_16_44_IMG_6033.jpg,-0.6802705315293878,hsv_saturation_bipolar,2289,0.29153801309999366,0.34172805725489536,0.3734083561449913,2289,0.36435124508519,0.3652249890782001,29.23453712463379,92.43917083740234,6,345,0.04322962090373039,2016.9212646484375,0.263695987654321,0.8545364737510681,0.26355181558461577
road420,gain_baseline,failures,2023_10_30_16_44_IMG_6033.jpg,-0.6802705315293878,log_chroma_pc1_bipolar,2289,0.3758192432163142,0.4253655887881347,0.3569849959179779,2289,0.5264307557885539,0.6295325469637396,27.556102752685547,91.19758605957031,13,295,0.07896559685468674,3684.21875,0.30296210562414266,0.9066571593284607,0.33783323187064707
road420,gain_baseline,all,2023_10_30_16_44_IMG_6033.jpg,-0.6802705315293878,log_chroma_pc1_bipolar,2289,0.3758192432163142,0.4253655887881347,0.3569849959179779,2289,0.5264307557885539,0.6295325469637396,27.556102752685547,91.19758605957031,13,295,0.07896559685468674,3684.21875,0.30296210562414266,0.9066571593284607,0.33783323187064707
facade390,gain_baseline,failures,DJ_Wall_231.JPG,-0.4563664418790719,luminance,597,0.11751557599062107,0.1133542531010853,0.13432100188256735,597,0.2897822445561139,0.39195979899497485,45.91364669799805,103.23274993896484,32,86,0.040954601019620895,1910.77783203125,0.18876457475994513,0.5694746971130371,0.13494969170344678
facade390,gain_baseline,all,DJ_Wall_231.JPG,-0.4563664418790719,luminance,597,0.11751557599062107,0.1133542531010853,0.13432100188256735,597,0.2897822445561139,0.39195979899497485,45.91364669799805,103.23274993896484,32,86,0.040954601019620895,1910.77783203125,0.18876457475994513,0.5694746971130371,0.13494969170344678
facade390,gain_baseline,failures,DJ_Wall_231.JPG,-0.4563664418790719,lab_cstar_dark,597,0.03323601180572529,0.08680175026293468,0.08624225780624618,597,0.0,0.0,58.98208999633789,122.80065155029297,16,113,0.01769723929464817,825.6824340820312,0.17018175582990397,0.441407710313797,0.2161140051550461
facade390,gain_baseline,all,DJ_Wall_231.JPG,-0.4563664418790719,lab_cstar_dark,597,0.03323601180572529,0.08680175026293468,0.08624225780624618,597,0.0,0.0,58.98208999633789,122.80065155029297,16,113,0.01769723929464817,825.6824340820312,0.17018175582990397,0.441407710313797,0.2161140051550461
facade390,gain_baseline,failures,DJ_Wall_231.JPG,-0.4563664418790719,lab_cstar_bipolar,597,0.015195162647336044,0.04268595037627257,0.013694190621600282,597,0.0,0.0,67.8370132446289,121.82364654541016,13,262,0.11505378037691116,5367.94921875,0.2967892661179698,0.9729190468788147,0.13089965671479534
facade390,gain_baseline,all,DJ_Wall_231.JPG,-0.4563664418790719,lab_cstar_bipolar,597,0.015195162647336044,0.04268595037627257,0.013694190621600282,597,0.0,0.0,67.8370132446289,121.82364654541016,13,262,0.11505378037691116,5367.94921875,0.2967892661179698,0.9729190468788147,0.13089965671479534
facade390,gain_baseline,failures,DJ_Wall_231.JPG,-0.4563664418790719,lab_astar_bipolar,597,0.1624203355514202,0.3621302391452517,0.18306922544959836,597,0.6398659966499163,0.3869346733668342,40.881282806396484,94.15412902832031,13,67,0.09656646102666855,4505.40478515625,0.27488425925925924,0.8708632588386536,0.1791969817202239
facade390,gain_baseline,all,DJ_Wall_231.JPG,-0.4563664418790719,lab_astar_bipolar,597,0.1624203355514202,0.3621302391452517,0.18306922544959836,597,0.6398659966499163,0.3869346733668342,40.881282806396484,94.15412902832031,13,67,0.09656646102666855,4505.40478515625,0.27488425925925924,0.8708632588386536,0.1791969817202239
facade390,gain_baseline,failures,DJ_Wall_231.JPG,-0.4563664418790719,lab_bstar_bipolar,597,0.012068349695484641,0.03547886739019111,0.00671901288173328,597,0.0,0.0,69.18022155761719,122.34786224365234,15,246,0.11637227237224579,5429.46484375,0.2834790809327846,0.9687026143074036,0.0816400207285349
facade390,gain_baseline,all,DJ_Wall_231.JPG,-0.4563664418790719,lab_bstar_bipolar,597,0.012068349695484641,0.03547886739019111,0.00671901288173328,597,0.0,0.0,69.18022155761719,122.34786224365234,15,246,0.11637227237224579,5429.46484375,0.2834790809327846,0.9687026143074036,0.0816400207285349
facade390,gain_baseline,failures,DJ_Wall_231.JPG,-0.4563664418790719,lab_ab_opponent,597,0.04351464939647476,0.10431982453137623,0.09334791743151125,597,0.18090452261306533,0.18090452261306533,56.27262496948242,116.10340118408203,14,161,0.19167956709861755,8943.001953125,0.4703575102880658,0.9729712605476379,0.18187453098084008
facade390,gain_baseline,all,DJ_Wall_231.JPG,-0.4563664418790719,lab_ab_opponent,597,0.04351464939647476,0.10431982453137623,0.09334791743151125,597,0.18090452261306533,0.18090452261306533,56.27262496948242,116.10340118408203,14,161,0.19167956709861755,8943.001953125,0.4703575102880658,0.9729712605476379,0.18187453098084008
facade390,gain_baseline,failures,DJ_Wall_231.JPG,-0.4563664418790719,hsv_saturation_bipolar,597,0.018968750476347104,0.054928520196675545,0.032737323573479686,597,0.0,0.0,65.54285430908203,125.17587280273438,13,260,0.129709854722023,6051.7431640625,0.33146862139917693,0.9697511196136475,0.14480038377309126
facade390,gain_baseline,all,DJ_Wall_231.JPG,-0.4563664418790719,hsv_saturation_bipolar,597,0.018968750476347104,0.054928520196675545,0.032737323573479686,597,0.0,0.0,65.54285430908203,125.17587280273438,13,260,0.129709854722023,6051.7431640625,0.33146862139917693,0.9697511196136475,0.14480038377309126
facade390,gain_baseline,failures,DJ_Wall_231.JPG,-0.4563664418790719,log_chroma_pc1_bipolar,597,0.011689998578999012,0.03565506725696748,0.017690900176603335,597,0.0,0.0,67.33351135253906,121.85237121582031,14,295,0.12234875559806824,5708.3037109375,0.3635116598079561,0.9606693983078003,0.04168932880929568
facade390,gain_baseline,all,DJ_Wall_231.JPG,-0.4563664418790719,log_chroma_pc1_bipolar,597,0.011689998578999012,0.03565506725696748,0.017690900176603335,597,0.0,0.0,67.33351135253906,121.85237121582031,14,295,0.12234875559806824,5708.3037109375,0.3635116598079561,0.9606693983078003,0.04168932880929568
concrete3k,gain_baseline,failures,128_23.jpg,-0.8669950738916257,luminance,92,0.5346393376279982,0.38218523717518554,0.14545696787595494,92,0.43478260869565216,0.8804347826086957,99.46663665771484,199.68475341796875,5,26,0.007570939138531685,353.229736328125,0.18833590534979425,0.17817947268486023,0.028791950455692317
concrete3k,gain_baseline,all,128_23.jpg,-0.8669950738916257,luminance,92,0.5346393376279982,0.38218523717518554,0.14545696787595494,92,0.43478260869565216,0.8804347826086957,99.46663665771484,199.68475341796875,5,26,0.007570939138531685,353.229736328125,0.18833590534979425,0.17817947268486023,0.028791950455692317
concrete3k,gain_baseline,failures,128_23.jpg,-0.8669950738916257,lab_cstar_dark,92,0.004200598918084903,0.006555377903078917,0.009143014434067289,92,0.021739130434782608,0.07608695652173914,160.530517578125,253.71243286132812,8,34,0.021551495417952538,1005.506591796875,0.16902434842249658,0.3383443355560303,0.0809632400838966
concrete3k,gain_baseline,all,128_23.jpg,-0.8669950738916257,lab_cstar_dark,92,0.004200598918084903,0.006555377903078917,0.009143014434067289,92,0.021739130434782608,0.07608695652173914,160.530517578125,253.71243286132812,8,34,0.021551495417952538,1005.506591796875,0.16902434842249658,0.3383443355560303,0.0809632400838966
concrete3k,gain_baseline,failures,128_23.jpg,-0.8669950738916257,lab_cstar_bipolar,92,0.06585657751085999,0.09737322423365737,0.026025892465270012,92,0.20652173913043478,0.34782608695652173,155.8989715576172,261.59893798828125,4,21,0.0640360489487648,2987.665771484375,0.250235768175583,0.845679759979248,0.0965413101355098
concrete3k,gain_baseline,all,128_23.jpg,-0.8669950738916257,lab_cstar_bipolar,92,0.06585657751085999,0.09737322423365737,0.026025892465270012,92,0.20652173913043478,0.34782608695652173,155.8989715576172,261.59893798828125,4,21,0.0640360489487648,2987.665771484375,0.250235768175583,0.845679759979248,0.0965413101355098
concrete3k,gain_baseline,failures,128_23.jpg,-0.8669950738916257,lab_astar_bipolar,92,0.07021477148402296,0.07919138161017049,0.022641991974570966,92,0.18478260869565216,0.45652173913043476,142.09361267089844,257.6140441894531,4,62,0.06987622380256653,3260.14501953125,0.25475823045267487,0.8863053321838379,0.005219701018567643
concrete3k,gain_baseline,all,128_23.jpg,-0.8669950738916257,lab_astar_bipolar,92,0.07021477148402296,0.07919138161017049,0.022641991974570966,92,0.18478260869565216,0.45652173913043476,142.09361267089844,257.6140441894531,4,62,0.06987622380256653,3260.14501953125,0.25475823045267487,0.8863053321838379,0.005219701018567643
concrete3k,gain_baseline,failures,128_23.jpg,-0.8669950738916257,lab_bstar_bipolar,92,0.05111178584640624,0.06523575070156704,0.021417236739750628,92,0.05434782608695652,0.33695652173913043,159.15780639648438,251.8292999267578,6,37,0.07984092831611633,3725.058349609375,0.24303412208504802,0.8432193398475647,0.048544092906403505
concrete3k,gain_baseline,all,128_23.jpg,-0.8669950738916257,lab_bstar_bipolar,92,0.05111178584640624,0.06523575070156704,0.021417236739750628,92,0.05434782608695652,0.33695652173913043,159.15780639648438,251.8292999267578,6,37,0.07984092831611633,3725.058349609375,0.24303412208504802,0.8432193398475647,0.048544092906403505
concrete3k,gain_baseline,failures,128_23.jpg,-0.8669950738916257,lab_ab_opponent,92,0.07824005118353795,0.08495610934785879,0.016210163310371475,92,0.13043478260869565,0.43478260869565216,151.04864501953125,252.857666015625,6,41,0.13195447623729706,6156.4677734375,0.40974365569272975,0.9430278539657593,0.02579227449941906
concrete3k,gain_baseline,all,128_23.jpg,-0.8669950738916257,lab_ab_opponent,92,0.07824005118353795,0.08495610934785879,0.016210163310371475,92,0.13043478260869565,0.43478260869565216,151.04864501953125,252.857666015625,6,41,0.13195447623729706,6156.4677734375,0.40974365569272975,0.9430278539657593,0.02579227449941906
concrete3k,gain_baseline,failures,128_23.jpg,-0.8669950738916257,hsv_saturation_bipolar,92,0.5814366461426497,0.6877218529370147,0.17356965224926213,92,0.7391304347826086,0.9130434782608695,108.07826232910156,247.24481201171875,0,0,0.009449344128370285,440.86859130859375,0.29198816872427985,0.13584838807582855,0.0682567517720674
concrete3k,gain_baseline,all,128_23.jpg,-0.8669950738916257,hsv_saturation_bipolar,92,0.5814366461426497,0.6877218529370147,0.17356965224926213,92,0.7391304347826086,0.9130434782608695,108.07826232910156,247.24481201171875,0,0,0.009449344128370285,440.86859130859375,0.29198816872427985,0.13584838807582855,0.0682567517720674
concrete3k,gain_baseline,failures,128_23.jpg,-0.8669950738916257,log_chroma_pc1_bipolar,92,0.029550864353052292,0.03536650147758707,0.013460810692737952,92,0.043478260869565216,0.20652173913043478,140.4009246826172,247.24481201171875,6,26,0.13043935596942902,6085.7783203125,0.3382201646090535,0.9343137741088867,0.0019190419719921168
concrete3k,gain_baseline,all,128_23.jpg,-0.8669950738916257,log_chroma_pc1_bipolar,92,0.029550864353052292,0.03536650147758707,0.013460810692737952,92,0.043478260869565216,0.20652173913043478,140.4009246826172,247.24481201171875,6,26,0.13043935596942902,6085.7783203125,0.3382201646090535,0.9343137741088867,0.0019190419719921168
khanhha_original,gain_frangi,gains,Sylvie_Chambon_319.jpg,0.3159839802716249,luminance,2147,0.04385263642528424,0.06475203583826444,0.009402783346809817,2147,0.007918025151374011,0.04471355379599441,76.01004791259766,125.9245834350586,11,967,0.04053421691060066,1891.1644287109375,0.1381172839506173,0.8591064810752869,-0.07930155691896525
khanhha_original,gain_frangi,all,Sylvie_Chambon_319.jpg,0.3159839802716249,luminance,2147,0.04385263642528424,0.06475203583826444,0.009402783346809817,2147,0.007918025151374011,0.04471355379599441,76.01004791259766,125.9245834350586,11,967,0.04053421691060066,1891.1644287109375,0.1381172839506173,0.8591064810752869,-0.07930155691896525
khanhha_original,gain_frangi,gains,Sylvie_Chambon_319.jpg,0.3159839802716249,lab_cstar_dark,2147,0.046017661179698216,0.06717254984039527,3.6984735241489494e-05,2147,0.0,0.0,80.9161376953125,126.49110412597656,11,1742,0.05487721040844917,2560.35107421875,0.12900805898491083,0.8331804275512695,-0.10716510131760598
khanhha_original,gain_frangi,all,Sylvie_Chambon_319.jpg,0.3159839802716249,lab_cstar_dark,2147,0.046017661179698216,0.06717254984039527,3.6984735241489494e-05,2147,0.0,0.0,80.9161376953125,126.49110412597656,11,1742,0.05487721040844917,2560.35107421875,0.12900805898491083,0.8331804275512695,-0.10716510131760598
khanhha_original,gain_frangi,gains,Sylvie_Chambon_319.jpg,0.3159839802716249,lab_cstar_bipolar,2147,0.046017661179698216,0.06715115120473453,5.920067504884502e-05,2147,0.0,0.0,85.38543701171875,142.144287109375,14,603,0.11795847862958908,5503.470703125,0.24704218106995884,0.9200937151908875,-0.14671999606688543
khanhha_original,gain_frangi,all,Sylvie_Chambon_319.jpg,0.3159839802716249,lab_cstar_bipolar,2147,0.046017661179698216,0.06715115120473453,5.920067504884502e-05,2147,0.0,0.0,85.38543701171875,142.144287109375,14,603,0.11795847862958908,5503.470703125,0.24704218106995884,0.9200937151908875,-0.14671999606688543
khanhha_original,gain_frangi,gains,Sylvie_Chambon_319.jpg,0.3159839802716249,lab_astar_bipolar,2147,0.044973621789794915,0.06594802112729094,0.0011833712326883516,2147,0.0,0.0,81.00145721435547,113.0707778930664,28,1437,0.026011034846305847,1213.57080078125,0.19652349108367628,0.6611157655715942,-0.08540616033510787
khanhha_original,gain_frangi,all,Sylvie_Chambon_319.jpg,0.3159839802716249,lab_astar_bipolar,2147,0.044973621789794915,0.06594802112729094,0.0011833712326883516,2147,0.0,0.0,81.00145721435547,113.0707778930664,28,1437,0.026011034846305847,1213.57080078125,0.19652349108367628,0.6611157655715942,-0.08540616033510787
khanhha_original,gain_frangi,gains,Sylvie_Chambon_319.jpg,0.3159839802716249,lab_bstar_bipolar,2147,0.04593243445042277,0.06704481711253772,0.00020981436974458373,2147,0.0,0.0,97.68392944335938,147.800537109375,18,591,0.06659754365682602,3107.175048828125,0.22453703703703703,0.7910255193710327,-0.13457092369071122
khanhha_original,gain_frangi,all,Sylvie_Chambon_319.jpg,0.3159839802716249,lab_bstar_bipolar,2147,0.04593243445042277,0.06704481711253772,0.00020981436974458373,2147,0.0,0.0,97.68392944335938,147.800537109375,18,591,0.06659754365682602,3107.175048828125,0.22453703703703703,0.7910255193710327,-0.13457092369071122
khanhha_original,gain_frangi,gains,Sylvie_Chambon_319.jpg,0.3159839802716249,lab_ab_opponent,2147,0.044913498683254546,0.06583322777341283,0.0005782256156464364,2147,0.0,0.0,94.77337646484375,146.15402221679688,15,775,0.07573732733726501,3533.6005859375,0.2986539780521262,0.8412078022956848,-0.13261234769907343
khanhha_original,gain_frangi,all,Sylvie_Chambon_319.jpg,0.3159839802716249,lab_ab_opponent,2147,0.044913498683254546,0.06583322777341283,0.0005782256156464364,2147,0.0,0.0,94.77337646484375,146.15402221679688,15,775,0.07573732733726501,3533.6005859375,0.2986539780521262,0.8412078022956848,-0.13261234769907343
khanhha_original,gain_frangi,gains,Sylvie_Chambon_319.jpg,0.3159839802716249,hsv_saturation_bipolar,2147,0.04517758748735277,0.06634166042686669,0.001326490752019121,2147,0.0,0.0,81.29443359375,137.93113708496094,11,704,0.10509251058101654,4903.1962890625,0.2736839849108368,0.9594544768333435,-0.15297378648998966
khanhha_original,gain_frangi,all,Sylvie_Chambon_319.jpg,0.3159839802716249,hsv_saturation_bipolar,2147,0.04517758748735277,0.06634166042686669,0.001326490752019121,2147,0.0,0.0,81.29443359375,137.93113708496094,11,704,0.10509251058101654,4903.1962890625,0.2736839849108368,0.9594544768333435,-0.15297378648998966
khanhha_original,gain_frangi,gains,Sylvie_Chambon_319.jpg,0.3159839802716249,log_chroma_pc1_bipolar,2147,0.041680214424018064,0.06203884054076766,0.01089216587831595,2147,0.0009315323707498836,0.010246856078248719,94.34268188476562,147.25827026367188,24,888,0.08667971193790436,4044.128662109375,0.28761574074074076,0.8585559725761414,-0.11150447715748368
khanhha_original,gain_frangi,all,Sylvie_Chambon_319.jpg,0.3159839802716249,log_chroma_pc1_bipolar,2147,0.041680214424018064,0.06203884054076766,0.01089216587831595,2147,0.0009315323707498836,0.010246856078248719,94.34268188476562,147.25827026367188,24,888,0.08667971193790436,4044.128662109375,0.28761574074074076,0.8585559725761414,-0.11150447715748368
khanhha_noisy1,gain_frangi,gains,CRACK500_20160329_093924_1921_721.jpg,0.7538132793037708,luminance,1656,0.09639259182102417,0.09187724142538736,0.09012514839522666,1656,0.18961352657004832,0.33997584541062803,97.22188568115234,181.13531494140625,91,150,0.11932817101478577,5567.375,0.21439900548696844,0.9003458023071289,0.07840561401739927
khanhha_noisy1,gain_frangi,all,CRACK500_20160329_093924_1921_721.jpg,0.7538132793037708,luminance,1656,0.09639259182102417,0.09187724142538736,0.09012514839522666,1656,0.18961352657004832,0.33997584541062803,97.22188568115234,181.13531494140625,91,150,0.11932817101478577,5567.375,0.21439900548696844,0.9003458023071289,0.07840561401739927
khanhha_noisy1,gain_frangi,gains,CRACK500_20160329_093924_1921_721.jpg,0.7538132793037708,lab_cstar_dark,1656,0.0655032888800949,0.07500882495989547,0.1004474182078962,1656,0.06582125603864734,0.1461352657004831,97.22470092773438,189.1903839111328,64,282,0.03230970352888107,1507.4415283203125,0.19643775720164608,0.4937770664691925,0.12188951167395565
khanhha_noisy1,gain_frangi,all,CRACK500_20160329_093924_1921_721.jpg,0.7538132793037708,lab_cstar_dark,1656,0.0655032888800949,0.07500882495989547,0.1004474182078962,1656,0.06582125603864734,0.1461352657004831,97.22470092773438,189.1903839111328,64,282,0.03230970352888107,1507.4415283203125,0.19643775720164608,0.4937770664691925,0.12188951167395565
khanhha_noisy1,gain_frangi,gains,CRACK500_20160329_093924_1921_721.jpg,0.7538132793037708,lab_cstar_bipolar,1656,0.056194247206296656,0.06536744016881374,0.08010173880455494,1656,0.0748792270531401,0.15881642512077296,101.54181671142578,195.5556182861328,75,377,0.05794624611735344,2703.5400390625,0.29539609053497945,0.6678606271743774,0.10262035271652212
khanhha_noisy1,gain_frangi,all,CRACK500_20160329_093924_1921_721.jpg,0.7538132793037708,lab_cstar_bipolar,1656,0.056194247206296656,0.06536744016881374,0.08010173880455494,1656,0.0748792270531401,0.15881642512077296,101.54181671142578,195.5556182861328,75,377,0.05794624611735344,2703.5400390625,0.29539609053497945,0.6678606271743774,0.10262035271652212
khanhha_noisy1,gain_frangi,gains,CRACK500_20160329_093924_1921_721.jpg,0.7538132793037708,lab_astar_bipolar,1656,0.034053131099618154,0.04265510022888657,0.004821319341436648,1656,0.0,0.0,127.8670654296875,195.88772583007812,87,319,0.08434892445802689,3935.38330078125,0.2813143004115226,0.8229289054870605,-0.12596335644616452
khanhha_noisy1,gain_frangi,all,CRACK500_20160329_093924_1921_721.jpg,0.7538132793037708,lab_astar_bipolar,1656,0.034053131099618154,0.04265510022888657,0.004821319341436648,1656,0.0,0.0,127.8670654296875,195.88772583007812,87,319,0.08434892445802689,3935.38330078125,0.2813143004115226,0.8229289054870605,-0.12596335644616452
khanhha_noisy1,gain_frangi,gains,CRACK500_20160329_093924_1921_721.jpg,0.7538132793037708,lab_bstar_bipolar,1656,0.033278305115520324,0.04129690691636424,0.03108729795560155,1656,0.028381642512077296,0.08514492753623189,97.8675537109375,185.06484985351562,64,198,0.10808756947517395,5042.93359375,0.2847007887517147,0.8613385558128357,-0.04649329186923733
khanhha_noisy1,gain_frangi,all,CRACK500_20160329_093924_1921_721.jpg,0.7538132793037708,lab_bstar_bipolar,1656,0.033278305115520324,0.04129690691636424,0.03108729795560155,1656,0.028381642512077296,0.08514492753623189,97.8675537109375,185.06484985351562,64,198,0.10808756947517395,5042.93359375,0.2847007887517147,0.8613385558128357,-0.04649329186923733
khanhha_noisy1,gain_frangi,gains,CRACK500_20160329_093924_1921_721.jpg,0.7538132793037708,lab_ab_opponent,1656,0.031431667587522805,0.03893846841366111,0.02135514388992659,1656,0.013285024154589372,0.0640096618357488,108.6554946899414,189.4016876220703,72,252,0.16435718536376953,7668.2490234375,0.4533393347050754,0.9152825474739075,-0.10806982932247705
khanhha_noisy1,gain_frangi,all,CRACK500_20160329_093924_1921_721.jpg,0.7538132793037708,lab_ab_opponent,1656,0.031431667587522805,0.03893846841366111,0.02135514388992659,1656,0.013285024154589372,0.0640096618357488,108.6554946899414,189.4016876220703,72,252,0.16435718536376953,7668.2490234375,0.4533393347050754,0.9152825474739075,-0.10806982932247705
khanhha_noisy1,gain_frangi,gains,CRACK500_20160329_093924_1921_721.jpg,0.7538132793037708,hsv_saturation_bipolar,1656,0.0323448533695808,0.03976157497167445,0.022335242552971802,1656,0.010869565217391304,0.08272946859903382,111.89869689941406,186.4617919921875,49,338,0.05524016544222832,2577.28515625,0.31824417009602196,0.6800665855407715,-0.05505279903066213
khanhha_noisy1,gain_frangi,all,CRACK500_20160329_093924_1921_721.jpg,0.7538132793037708,hsv_saturation_bipolar,1656,0.0323448533695808,0.03976157497167445,0.022335242552971802,1656,0.010869565217391304,0.08272946859903382,111.89869689941406,186.4617919921875,49,338,0.05524016544222832,2577.28515625,0.31824417009602196,0.6800665855407715,-0.05505279903066213
khanhha_noisy1,gain_frangi,gains,CRACK500_20160329_093924_1921_721.jpg,0.7538132793037708,log_chroma_pc1_bipolar,1656,0.03603710976053997,0.04515543919211208,0.03884509931938631,1656,0.06099033816425121,0.11171497584541062,98.1549072265625,181.66452026367188,81,161,0.1940872073173523,9055.3330078125,0.36078960905349794,0.9339415431022644,-0.04627642547414406
khanhha_noisy1,gain_frangi,all,CRACK500_20160329_093924_1921_721.jpg,0.7538132793037708,log_chroma_pc1_bipolar,1656,0.03603710976053997,0.04515543919211208,0.03884509931938631,1656,0.06099033816425121,0.11171497584541062,98.1549072265625,181.66452026367188,81,161,0.1940872073173523,9055.3330078125,0.36078960905349794,0.9339415431022644,-0.04627642547414406
khanhha_noisy2,gain_frangi,gains,Volker_DSC01646_226_19_1273_1645.jpg,0.6845425867507886,luminance,1433,0.8198642406673274,0.8955243415114646,0.8725178895481622,1433,0.942079553384508,0.9427773900907188,10.969146728515625,3.1622776985168457,1,58,0.04179858788847923,1950.1549072265625,0.10298782578875171,0.9525653719902039,0.6512698250583849
khanhha_noisy2,gain_frangi,all,Volker_DSC01646_226_19_1273_1645.jpg,0.6845425867507886,luminance,1433,0.8198642406673274,0.8955243415114646,0.8725178895481622,1433,0.942079553384508,0.9427773900907188,10.969146728515625,3.1622776985168457,1,58,0.04179858788847923,1950.1549072265625,0.10298782578875171,0.9525653719902039,0.6512698250583849
khanhha_noisy2,gain_frangi,gains,Volker_DSC01646_226_19_1273_1645.jpg,0.6845425867507886,lab_cstar_dark,1433,0.03471463361501713,0.07310501684355218,0.10693368929134513,1433,0.11793440334961619,0.104675505931612,38.10466003417969,95.4620361328125,11,295,0.04915376007556915,2293.31787109375,0.15507115912208505,0.7401781678199768,0.11012344718602057
khanhha_noisy2,gain_frangi,all,Volker_DSC01646_226_19_1273_1645.jpg,0.6845425867507886,lab_cstar_dark,1433,0.03471463361501713,0.07310501684355218,0.10693368929134513,1433,0.11793440334961619,0.104675505931612,38.10466003417969,95.4620361328125,11,295,0.04915376007556915,2293.31787109375,0.15507115912208505,0.7401781678199768,0.11012344718602057
khanhha_noisy2,gain_frangi,gains,Volker_DSC01646_226_19_1273_1645.jpg,0.6845425867507886,lab_cstar_bipolar,1433,0.0384076063027772,0.07409982997386225,0.10009661765380531,1433,0.09490579204466155,0.12142358688066993,44.2862548828125,97.74456787109375,20,226,0.06969267129898071,3251.581298828125,0.21229852537722907,0.7989339232444763,0.1218718911766706
khanhha_noisy2,gain_frangi,all,Volker_DSC01646_226_19_1273_1645.jpg,0.6845425867507886,lab_cstar_bipolar,1433,0.0384076063027772,0.07409982997386225,0.10009661765380531,1433,0.09490579204466155,0.12142358688066993,44.2862548828125,97.74456787109375,20,226,0.06969267129898071,3251.581298828125,0.21229852537722907,0.7989339232444763,0.1218718911766706
khanhha_noisy2,gain_frangi,gains,Volker_DSC01646_226_19_1273_1645.jpg,0.6845425867507886,lab_astar_bipolar,1433,0.0300108447370761,0.05548260588955006,0.032191893091110736,1433,0.021632937892533146,0.062107466852756456,73.22791290283203,112.05802154541016,49,283,0.038133375346660614,1779.1507568359375,0.12939386145404663,0.714946448802948,-0.020185033663062357
khanhha_noisy2,gain_frangi,all,Volker_DSC01646_226_19_1273_1645.jpg,0.6845425867507886,lab_astar_bipolar,1433,0.0300108447370761,0.05548260588955006,0.032191893091110736,1433,0.021632937892533146,0.062107466852756456,73.22791290283203,112.05802154541016,49,283,0.038133375346660614,1779.1507568359375,0.12939386145404663,0.714946448802948,-0.020185033663062357
khanhha_noisy2,gain_frangi,gains,Volker_DSC01646_226_19_1273_1645.jpg,0.6845425867507886,lab_bstar_bipolar,1433,0.04145780006260423,0.06974266050216747,0.09785805682313502,1433,0.08862526168876483,0.16678297278436846,68.01998138427734,123.69316864013672,28,535,0.05494706332683563,2563.610107421875,0.16368741426611796,0.7852619290351868,0.13209213620602783
khanhha_noisy2,gain_frangi,all,Volker_DSC01646_226_19_1273_1645.jpg,0.6845425867507886,lab_bstar_bipolar,1433,0.04145780006260423,0.06974266050216747,0.09785805682313502,1433,0.08862526168876483,0.16678297278436846,68.01998138427734,123.69316864013672,28,535,0.05494706332683563,2563.610107421875,0.16368741426611796,0.7852619290351868,0.13209213620602783
khanhha_noisy2,gain_frangi,gains,Volker_DSC01646_226_19_1273_1645.jpg,0.6845425867507886,lab_ab_opponent,1433,0.037705224804469605,0.06390300829129616,0.07531184120294986,1433,0.030006978367062107,0.0837404047452896,69.81430053710938,119.64112854003906,29,201,0.07816839218139648,3647.0244140625,0.2282664609053498,0.866043746471405,0.09268486166902266
khanhha_noisy2,gain_frangi,all,Volker_DSC01646_226_19_1273_1645.jpg,0.6845425867507886,lab_ab_opponent,1433,0.037705224804469605,0.06390300829129616,0.07531184120294986,1433,0.030006978367062107,0.0837404047452896,69.81430053710938,119.64112854003906,29,201,0.07816839218139648,3647.0244140625,0.2282664609053498,0.866043746471405,0.09268486166902266
khanhha_noisy2,gain_frangi,gains,Volker_DSC01646_226_19_1273_1645.jpg,0.6845425867507886,hsv_saturation_bipolar,1433,0.060575800965229624,0.09775251155532114,0.1329900428667464,1433,0.12142358688066993,0.19120725750174458,46.800010681152344,92.97311401367188,7,875,0.09589887410402298,4474.2578125,0.24436299725651578,0.903010904788971,0.16335375776170674
khanhha_noisy2,gain_frangi,all,Volker_DSC01646_226_19_1273_1645.jpg,0.6845425867507886,hsv_saturation_bipolar,1433,0.060575800965229624,0.09775251155532114,0.1329900428667464,1433,0.12142358688066993,0.19120725750174458,46.800010681152344,92.97311401367188,7,875,0.09589887410402298,4474.2578125,0.24436299725651578,0.903010904788971,0.16335375776170674
khanhha_noisy2,gain_frangi,gains,Volker_DSC01646_226_19_1273_1645.jpg,0.6845425867507886,log_chroma_pc1_bipolar,1433,0.0769194140259234,0.10676008285966232,0.12772687618025294,1433,0.12421493370551291,0.2044661549197488,58.98479461669922,112.80514526367188,15,356,0.14029604196548462,6545.65185546875,0.28290037722908096,0.9470662474632263,0.17968131709133525
khanhha_noisy2,gain_frangi,all,Volker_DSC01646_226_19_1273_1645.jpg,0.6845425867507886,log_chroma_pc1_bipolar,1433,0.0769194140259234,0.10676008285966232,0.12772687618025294,1433,0.12421493370551291,0.2044661549197488,58.98479461669922,112.80514526367188,15,356,0.14029604196548462,6545.65185546875,0.28290037722908096,0.9470662474632263,0.17968131709133525
road420,gain_frangi,gains,2023_11_01_20_33_IMG_6353.jpg,0.4953818941200306,luminance,1234,0.13870672185704286,0.12562374669843207,0.11249595951454969,1234,0.17990275526742303,0.28444084278768234,50.60914993286133,108.11567687988281,18,279,0.06116049364209175,2853.50390625,0.16574502743484226,0.5575788617134094,0.05726464564614331
road420,gain_frangi,all,2023_11_01_20_33_IMG_6353.jpg,0.4953818941200306,luminance,1234,0.13870672185704286,0.12562374669843207,0.11249595951454969,1234,0.17990275526742303,0.28444084278768234,50.60914993286133,108.11567687988281,18,279,0.06116049364209175,2853.50390625,0.16574502743484226,0.5575788617134094,0.05726464564614331
road420,gain_frangi,gains,2023_11_01_20_33_IMG_6353.jpg,0.4953818941200306,lab_cstar_dark,1234,0.08348592435897498,0.09703272288989596,0.10419253270151559,1234,0.17260940032414912,0.22285251215559157,40.800106048583984,89.1964111328125,16,174,0.04992673546075821,2329.3818359375,0.16876714677640603,0.545239269733429,0.03354083232678341
road420,gain_frangi,all,2023_11_01_20_33_IMG_6353.jpg,0.4953818941200306,lab_cstar_dark,1234,0.08348592435897498,0.09703272288989596,0.10419253270151559,1234,0.17260940032414912,0.22285251215559157,40.800106048583984,89.1964111328125,16,174,0.04992673546075821,2329.3818359375,0.16876714677640603,0.545239269733429,0.03354083232678341
road420,gain_frangi,gains,2023_11_01_20_33_IMG_6353.jpg,0.4953818941200306,lab_cstar_bipolar,1234,0.03126025664019192,0.053843612025287146,0.06375642776752391,1234,0.07050243111831442,0.11831442463533225,44.52784729003906,97.02061462402344,17,296,0.0969499722123146,4523.2978515625,0.24939986282578874,0.885147750377655,0.007687620243816566
road420,gain_frangi,all,2023_11_01_20_33_IMG_6353.jpg,0.4953818941200306,lab_cstar_bipolar,1234,0.03126025664019192,0.053843612025287146,0.06375642776752391,1234,0.07050243111831442,0.11831442463533225,44.52784729003906,97.02061462402344,17,296,0.0969499722123146,4523.2978515625,0.24939986282578874,0.885147750377655,0.007687620243816566
road420,gain_frangi,gains,2023_11_01_20_33_IMG_6353.jpg,0.4953818941200306,lab_astar_bipolar,1234,0.02670686857397767,0.04847446867609697,0.04521088643271192,1234,0.03970826580226904,0.09238249594813615,43.977779388427734,101.07917785644531,29,191,0.034964121878147125,1631.2861328125,0.1220207475994513,0.7063499093055725,0.005761676001784005
road420,gain_frangi,all,2023_11_01_20_33_IMG_6353.jpg,0.4953818941200306,lab_astar_bipolar,1234,0.02670686857397767,0.04847446867609697,0.04521088643271192,1234,0.03970826580226904,0.09238249594813615,43.977779388427734,101.07917785644531,29,191,0.034964121878147125,1631.2861328125,0.1220207475994513,0.7063499093055725,0.005761676001784005
road420,gain_frangi,gains,2023_11_01_20_33_IMG_6353.jpg,0.4953818941200306,lab_bstar_bipolar,1234,0.03126286204162162,0.05507281607274612,0.06497580804211994,1234,0.03484602917341977,0.06564019448946515,45.4532585144043,103.7545166015625,13,342,0.07322920858860016,3416.58203125,0.19862397119341563,0.9395665526390076,0.04503404930495945
road420,gain_frangi,all,2023_11_01_20_33_IMG_6353.jpg,0.4953818941200306,lab_bstar_bipolar,1234,0.03126286204162162,0.05507281607274612,0.06497580804211994,1234,0.03484602917341977,0.06564019448946515,45.4532585144043,103.7545166015625,13,342,0.07322920858860016,3416.58203125,0.19862397119341563,0.9395665526390076,0.04503404930495945
road420,gain_frangi,gains,2023_11_01_20_33_IMG_6353.jpg,0.4953818941200306,lab_ab_opponent,1234,0.02934805920378595,0.05271701416425324,0.05770480642901476,1234,0.02593192868719611,0.05429497568881685,45.40916061401367,103.16007232666016,17,320,0.09354943782091141,4364.642578125,0.2626457475994513,0.9571619629859924,0.03671272211319301
road420,gain_frangi,all,2023_11_01_20_33_IMG_6353.jpg,0.4953818941200306,lab_ab_opponent,1234,0.02934805920378595,0.05271701416425324,0.05770480642901476,1234,0.02593192868719611,0.05429497568881685,45.40916061401367,103.16007232666016,17,320,0.09354943782091141,4364.642578125,0.2626457475994513,0.9571619629859924,0.03671272211319301
road420,gain_frangi,gains,2023_11_01_20_33_IMG_6353.jpg,0.4953818941200306,hsv_saturation_bipolar,1234,0.16366367158968137,0.15747039284529069,0.13962875425397717,1234,0.2852512155591572,0.5623987034035657,47.73786163330078,104.08650207519531,10,369,0.14714354276657104,6865.12890625,0.321394890260631,0.9598711729049683,0.15155430869918463
road420,gain_frangi,all,2023_11_01_20_33_IMG_6353.jpg,0.4953818941200306,hsv_saturation_bipolar,1234,0.16366367158968137,0.15747039284529069,0.13962875425397717,1234,0.2852512155591572,0.5623987034035657,47.73786163330078,104.08650207519531,10,369,0.14714354276657104,6865.12890625,0.321394890260631,0.9598711729049683,0.15155430869918463
road420,gain_frangi,gains,2023_11_01_20_33_IMG_6353.jpg,0.4953818941200306,log_chroma_pc1_bipolar,1234,0.03262241179987523,0.06120217120955797,0.07483293791585459,1234,0.055105348460291734,0.1094003241491086,42.074317932128906,89.84430694580078,44,505,0.1017131432890892,4745.5283203125,0.33731995884773663,0.9334457516670227,0.04450210016800248
road420,gain_frangi,all,2023_11_01_20_33_IMG_6353.jpg,0.4953818941200306,log_chroma_pc1_bipolar,1234,0.03262241179987523,0.06120217120955797,0.07483293791585459,1234,0.055105348460291734,0.1094003241491086,42.074317932128906,89.84430694580078,44,505,0.1017131432890892,4745.5283203125,0.33731995884773663,0.9334457516670227,0.04450210016800248
facade390,gain_frangi,gains,DJ_Wall_66.JPG,0.5394883203559511,luminance,374,0.007724712488413387,0.024004988612855452,0.0036440354404653095,374,0.0,0.0,69.74332427978516,109.65856170654297,9,247,0.0639265701174736,2982.55810546875,0.07988254458161866,0.977418065071106,-0.019912535477872903
facade390,gain_frangi,all,DJ_Wall_66.JPG,0.5394883203559511,luminance,374,0.007724712488413387,0.024004988612855452,0.0036440354404653095,374,0.0,0.0,69.74332427978516,109.65856170654297,9,247,0.0639265701174736,2982.55810546875,0.07988254458161866,0.977418065071106,-0.019912535477872903
facade390,gain_frangi,gains,DJ_Wall_66.JPG,0.5394883203559511,lab_cstar_dark,374,0.00806253297012194,0.024725821646406222,0.022927053004459852,374,0.0053475935828877,0.02406417112299465,49.74824523925781,95.0,5,179,0.029843099415302277,1392.359619140625,0.16527349108367628,0.6259835362434387,0.031624093684665816
facade390,gain_frangi,all,DJ_Wall_66.JPG,0.5394883203559511,lab_cstar_dark,374,0.00806253297012194,0.024725821646406222,0.022927053004459852,374,0.0053475935828877,0.02406417112299465,49.74824523925781,95.0,5,179,0.029843099415302277,1392.359619140625,0.16527349108367628,0.6259835362434387,0.031624093684665816
facade390,gain_frangi,gains,DJ_Wall_66.JPG,0.5394883203559511,lab_cstar_bipolar,374,0.013455251507915374,0.029188463423878867,0.03360499924800216,374,0.0,0.0,50.63029861450195,92.19544219970703,13,203,0.06840210407972336,3191.36865234375,0.21703532235939643,0.9433867335319519,0.042515640203085604
facade390,gain_frangi,all,DJ_Wall_66.JPG,0.5394883203559511,lab_cstar_bipolar,374,0.013455251507915374,0.029188463423878867,0.03360499924800216,374,0.0,0.0,50.63029861450195,92.19544219970703,13,203,0.06840210407972336,3191.36865234375,0.21703532235939643,0.9433867335319519,0.042515640203085604
facade390,gain_frangi,gains,DJ_Wall_66.JPG,0.5394883203559511,lab_astar_bipolar,374,0.0074945329243281305,0.02264763729012099,0.009848550403132407,374,0.0,0.0,50.70536804199219,89.73851013183594,14,190,0.05557386949658394,2592.8544921875,0.19412294238683128,0.7946591377258301,-0.042317723135951106
facade390,gain_frangi,all,DJ_Wall_66.JPG,0.5394883203559511,lab_astar_bipolar,374,0.0074945329243281305,0.02264763729012099,0.009848550403132407,374,0.0,0.0,50.70536804199219,89.73851013183594,14,190,0.05557386949658394,2592.8544921875,0.19412294238683128,0.7946591377258301,-0.042317723135951106
facade390,gain_frangi,gains,DJ_Wall_66.JPG,0.5394883203559511,lab_bstar_bipolar,374,0.017075183997164893,0.03615840268963757,0.045906236068551425,374,0.0,0.0,45.330326080322266,91.59148406982422,8,257,0.06314930319786072,2946.2939453125,0.21935013717421126,0.8953208327293396,0.044823017721625294
facade390,gain_frangi,all,DJ_Wall_66.JPG,0.5394883203559511,lab_bstar_bipolar,374,0.017075183997164893,0.03615840268963757,0.045906236068551425,374,0.0,0.0,45.330326080322266,91.59148406982422,8,257,0.06314930319786072,2946.2939453125,0.21935013717421126,0.8953208327293396,0.044823017721625294
facade390,gain_frangi,gains,DJ_Wall_66.JPG,0.5394883203559511,lab_ab_opponent,374,0.01426107378315135,0.03236901286279813,0.03543937291653193,374,0.0,0.0,45.67332077026367,89.10667419433594,12,232,0.08900384604930878,4152.5634765625,0.2964463305898491,0.9197849631309509,0.0273221965503086
facade390,gain_frangi,all,DJ_Wall_66.JPG,0.5394883203559511,lab_ab_opponent,374,0.01426107378315135,0.03236901286279813,0.03543937291653193,374,0.0,0.0,45.67332077026367,89.10667419433594,12,232,0.08900384604930878,4152.5634765625,0.2964463305898491,0.9197849631309509,0.0273221965503086
facade390,gain_frangi,gains,DJ_Wall_66.JPG,0.5394883203559511,hsv_saturation_bipolar,374,0.007893692051425488,0.023788653549919485,0.0005374118960648188,374,0.0,0.0,62.109344482421875,100.31948852539062,12,102,0.10210780054330826,4763.94140625,0.20756172839506173,0.966110110282898,-0.03261852058266102
facade390,gain_frangi,all,DJ_Wall_66.JPG,0.5394883203559511,hsv_saturation_bipolar,374,0.007893692051425488,0.023788653549919485,0.0005374118960648188,374,0.0,0.0,62.109344482421875,100.31948852539062,12,102,0.10210780054330826,4763.94140625,0.20756172839506173,0.966110110282898,-0.03261852058266102
facade390,gain_frangi,gains,DJ_Wall_66.JPG,0.5394883203559511,log_chroma_pc1_bipolar,374,0.007645395792693791,0.02314618227934069,0.0007002718657839425,374,0.0,0.0,66.46743774414062,105.3043212890625,10,199,0.10228728502988815,4772.3154296875,0.2260159465020576,0.9799673557281494,-0.026636552377848424
facade390,gain_frangi,all,DJ_Wall_66.JPG,0.5394883203559511,log_chroma_pc1_bipolar,374,0.007645395792693791,0.02314618227934069,0.0007002718657839425,374,0.0,0.0,66.46743774414062,105.3043212890625,10,199,0.10228728502988815,4772.3154296875,0.2260159465020576,0.9799673557281494,-0.026636552377848424
concrete3k,gain_frangi,gains,224_37.jpg,0.9160935350756534,luminance,167,0.7932407855150975,0.6747464655298709,0.3592762698661595,167,0.7904191616766467,0.9101796407185628,88.43891906738281,171.64207458496094,5,17,0.007112258579581976,331.82952880859375,0.16051526063100138,0.10342936217784882,0.07231899685389488
concrete3k,gain_frangi,all,224_37.jpg,0.9160935350756534,luminance,167,0.7932407855150975,0.6747464655298709,0.3592762698661595,167,0.7904191616766467,0.9101796407185628,88.43891906738281,171.64207458496094,5,17,0.007112258579581976,331.82952880859375,0.16051526063100138,0.10342936217784882,0.07231899685389488
concrete3k,gain_frangi,gains,224_37.jpg,0.9160935350756534,lab_cstar_dark,167,0.034964450734103224,0.029143541087356794,0.026086548086386743,167,0.09580838323353294,0.23952095808383234,149.63104248046875,241.7602081298828,7,82,0.02840697206556797,1325.355712890625,0.15449245541838136,0.4304271936416626,0.1483952918241379
concrete3k,gain_frangi,all,224_37.jpg,0.9160935350756534,lab_cstar_dark,167,0.034964450734103224,0.029143541087356794,0.026086548086386743,167,0.09580838323353294,0.23952095808383234,149.63104248046875,241.7602081298828,7,82,0.02840697206556797,1325.355712890625,0.15449245541838136,0.4304271936416626,0.1483952918241379
concrete3k,gain_frangi,gains,224_37.jpg,0.9160935350756534,lab_cstar_bipolar,167,0.011863182780965032,0.012601208970334031,0.015319010968152826,167,0.0,0.0,139.6383819580078,244.13111877441406,5,56,0.09340250492095947,4357.787109375,0.251929012345679,0.9456096291542053,0.17889625360348166
concrete3k,gain_frangi,all,224_37.jpg,0.9160935350756534,lab_cstar_bipolar,167,0.011863182780965032,0.012601208970334031,0.015319010968152826,167,0.0,0.0,139.6383819580078,244.13111877441406,5,56,0.09340250492095947,4357.787109375,0.251929012345679,0.9456096291542053,0.17889625360348166
concrete3k,gain_frangi,gains,224_37.jpg,0.9160935350756534,lab_astar_bipolar,167,0.0324551264668827,0.05270798451401691,0.025967313636648108,167,0.12574850299401197,0.38323353293413176,132.34271240234375,214.6625213623047,9,24,0.09163884818553925,4275.501953125,0.23906893004115226,0.879103422164917,0.07380681495931403
concrete3k,gain_frangi,all,224_37.jpg,0.9160935350756534,lab_astar_bipolar,167,0.0324551264668827,0.05270798451401691,0.025967313636648108,167,0.12574850299401197,0.38323353293413176,132.34271240234375,214.6625213623047,9,24,0.09163884818553925,4275.501953125,0.23906893004115226,0.879103422164917,0.07380681495931403
concrete3k,gain_frangi,gains,224_37.jpg,0.9160935350756534,lab_bstar_bipolar,167,0.0034628203077498127,0.004595895733423029,0.0001693562501258522,167,0.0,0.0,164.44248962402344,258.1181945800781,11,56,0.1190192699432373,5552.962890625,0.2511145404663923,0.9157212972640991,0.044068455956015815
concrete3k,gain_frangi,all,224_37.jpg,0.9160935350756534,lab_bstar_bipolar,167,0.0034628203077498127,0.004595895733423029,0.0001693562501258522,167,0.0,0.0,164.44248962402344,258.1181945800781,11,56,0.1190192699432373,5552.962890625,0.2511145404663923,0.9157212972640991,0.044068455956015815
concrete3k,gain_frangi,gains,224_37.jpg,0.9160935350756534,lab_ab_opponent,167,0.015484683733231353,0.02630219039701128,0.013153816609294539,167,0.07784431137724551,0.30538922155688625,150.90158081054688,239.0836639404297,13,38,0.1814303994178772,8464.81640625,0.4007201646090535,0.9435853958129883,0.1022889199442517
concrete3k,gain_frangi,all,224_37.jpg,0.9160935350756534,lab_ab_opponent,167,0.015484683733231353,0.02630219039701128,0.013153816609294539,167,0.07784431137724551,0.30538922155688625,150.90158081054688,239.0836639404297,13,38,0.1814303994178772,8464.81640625,0.4007201646090535,0.9435853958129883,0.1022889199442517
concrete3k,gain_frangi,gains,224_37.jpg,0.9160935350756534,hsv_saturation_bipolar,167,0.2955357597411803,0.2637033291757786,0.05600594497168136,167,0.2994011976047904,0.7964071856287425,116.09048461914062,219.69296264648438,3,34,0.058189768344163895,2714.90185546875,0.28669410150891633,0.8267122507095337,0.04439480440007021
concrete3k,gain_frangi,all,224_37.jpg,0.9160935350756534,hsv_saturation_bipolar,167,0.2955357597411803,0.2637033291757786,0.05600594497168136,167,0.2994011976047904,0.7964071856287425,116.09048461914062,219.69296264648438,3,34,0.058189768344163895,2714.90185546875,0.28669410150891633,0.8267122507095337,0.04439480440007021
concrete3k,gain_frangi,gains,224_37.jpg,0.9160935350756534,log_chroma_pc1_bipolar,167,0.05547029534178812,0.05846939793888364,0.023711265975365135,167,0.07784431137724551,0.2934131736526946,129.07705688476562,210.2974090576172,8,113,0.15230566263198853,7105.97265625,0.3138074417009602,0.9406303763389587,0.0809357542358277
concrete3k,gain_frangi,all,224_37.jpg,0.9160935350756534,log_chroma_pc1_bipolar,167,0.05547029534178812,0.05846939793888364,0.023711265975365135,167,0.07784431137724551,0.2934131736526946,129.07705688476562,210.2974090576172,8,113,0.15230566263198853,7105.97265625,0.3138074417009602,0.9406303763389587,0.0809357542358277
