comparison,dataset,metric,reference_mean,candidate_mean,samples,mean_delta,std_delta,median_delta,p05_delta,p95_delta,ci95_low,ci95_high,gains,ties,losses,losses_below_minus_005,losses_below_minus_010
baseline_frangi_vs_none,khanhha_original,iou,0.6238044947390237,0.5191392292706984,1695,-0.10466526546832526,0.2441951895392832,-0.014927189507331073,-0.641639393353385,0.035374836147642995,-0.11642860460604632,-0.09330434274376323,363,144,1188,485,325
baseline_frangi_vs_none,khanhha_original,dice,0.7453199181521043,0.632741969602283,1695,-0.1125779485498213,0.2636786250191342,-0.011896850934050462,-0.7622329663880795,0.031653329305144765,-0.12544240636562018,-0.10013907721543179,363,144,1188,440,311
baseline_frangi_vs_none,khanhha_noisy1,iou,0.5678115519313996,0.44442639600594214,1695,-0.12338515592545761,0.2652337524161931,-0.01864689857008528,-1.0,0.03578030668612659,-0.13612427798096555,-0.11090238201170907,378,137,1180,575,417
baseline_frangi_vs_none,khanhha_noisy1,dice,0.6907005064260806,0.5575872154898844,1695,-0.13311329093619614,0.28196156988270255,-0.01581269931860868,-1.0,0.03424319778079719,-0.1464910677138211,-0.12013487508405807,378,137,1180,554,400
baseline_frangi_vs_none,khanhha_noisy2,iou,0.5133437612837761,0.42675285957812,1695,-0.08659090170565613,0.2236373741329044,-0.011037839892291346,-0.491884545994743,0.057636910148521014,-0.097353758265276,-0.07628740916016294,432,260,1003,514,379
baseline_frangi_vs_none,khanhha_noisy2,dice,0.6243293747541984,0.5290019742293767,1695,-0.09532740052482158,0.24912790119698547,-0.0094023805025637,-0.6528868022164147,0.060668995203629804,-0.10730941162231393,-0.08331890736853725,432,260,1003,509,377
baseline_frangi_vs_none,road420,iou,0.4836394002561577,0.35690252533553485,420,-0.12673687492062283,0.21667496572533487,-0.0828351267013985,-0.5915065923047499,0.17042492326101377,-0.14736090782143352,-0.10643081160842366,105,0,315,244,189
baseline_frangi_vs_none,road420,dice,0.6251577572863767,0.47767049923890376,420,-0.14748725804747276,0.2650114845504567,-0.07676646996526748,-0.7085899849814025,0.18230894346161364,-0.172763898826471,-0.12265624075506855,105,0,315,241,177
baseline_frangi_vs_none,facade390,iou,0.5163686768272836,0.39678402061607543,390,-0.11958465621120819,0.22275889887720843,-0.030864192850422856,-0.5802674691563581,0.12584309494954266,-0.14292472892377936,-0.0976347105865895,150,5,235,182,147
baseline_frangi_vs_none,facade390,dice,0.6655554364566215,0.5168656649602154,390,-0.14868977149640622,0.26818126819402605,-0.025873935043000895,-0.7200013323683756,0.11284533288277147,-0.17599438966213246,-0.12275562684132367,150,5,235,174,143
baseline_frangi_vs_none,concrete3k,iou,0.6998229373775023,0.6592643842493463,3000,-0.04055855312815605,0.1279818336451028,-0.037104564821080765,-0.21116443226260662,0.10524108511128388,-0.0451575219505638,-0.03594727163613279,602,67,2331,1173,454
baseline_frangi_vs_none,concrete3k,dice,0.7989288114855093,0.7706570504389626,3000,-0.028271761046546735,0.1273594055658447,-0.025022333596058155,-0.16904019963932035,0.08757443014559094,-0.03284595870479384,-0.023671106071103648,602,67,2331,732,302
baseline_zero_logit_vs_none,khanhha_original,iou,0.6238044947390237,0.5905585041181726,1695,-0.033245990620851096,0.12235195903732489,-0.0013529379966588095,-0.2654753591830561,0.011476340144817443,-0.03915794428144696,-0.027647912461394707,495,231,969,184,142
baseline_zero_logit_vs_none,khanhha_original,dice,0.7453199181521043,0.7072029095856166,1695,-0.03811700856648779,0.1390901218078172,-0.0011282376565094898,-0.3040597450677469,0.009219982826938295,-0.044914801149438174,-0.031448290052740566,495,231,969,179,148
baseline_zero_logit_vs_none,khanhha_noisy1,iou,0.5678115519313996,0.43877051792442084,1695,-0.12904103400697886,0.2152580128463145,-0.014821985300995322,-0.6181750640335778,0.024612358199378924,-0.13948070698797277,-0.1188191477742259,309,254,1132,678,554
baseline_zero_logit_vs_none,khanhha_noisy1,dice,0.6907005064260806,0.5327998440654099,1695,-0.15790066236067074,0.2601592653681133,-0.01228226450832115,-0.7492530492579832,0.019955475960322062,-0.17028421659625867,-0.1456800643616734,309,254,1132,672,563
baseline_zero_logit_vs_none,khanhha_noisy2,iou,0.5133437612837761,0.39185935610492656,1695,-0.12148440517884958,0.20678038483118363,-0.005856503395299417,-0.5883489097862498,0.020948739647025927,-0.1315218983927833,-0.11177444380624699,309,381,1005,597,499
baseline_zero_logit_vs_none,khanhha_noisy2,dice,0.6243293747541984,0.47019991584375287,1695,-0.15412945891044535,0.2582823080177765,-0.005282497855540247,-0.7271732385624039,0.017981294193758834,-0.16651270086202133,-0.14193183217863728,309,381,1005,591,513
baseline_zero_logit_vs_none,road420,iou,0.4836394002561577,0.15583857267905527,420,-0.32780082757710244,0.2361116495018972,-0.3457881195693818,-0.6844119595473467,0.037873838791899025,-0.3506064541700951,-0.3048959451432718,34,4,382,344,324
baseline_zero_logit_vs_none,road420,dice,0.6251577572863767,0.21317980052050778,420,-0.41197795676586885,0.2861799023554,-0.4702487944805742,-0.8025010640998215,0.0341731460296568,-0.4388930809477511,-0.3845281821831829,34,4,382,342,320
baseline_zero_logit_vs_none,facade390,iou,0.5163686768272836,0.35624752060472836,390,-0.16012115622255527,0.25008521295232944,-0.015294164339447275,-0.6272567696771131,0.08703332064742612,-0.1848519138270427,-0.13604937090990693,139,6,245,158,149
baseline_zero_logit_vs_none,facade390,dice,0.6655554364566215,0.4748205477553014,390,-0.1907348887013202,0.28911308581168005,-0.015131218872701191,-0.7536441154668895,0.07200656545109865,-0.21939831333468138,-0.1629396300211336,139,6,245,155,148
baseline_zero_logit_vs_none,concrete3k,iou,0.6998229373775023,0.6260636385407732,3000,-0.07375929883672915,0.19766361805185148,-0.00418973803806999,-0.6051707979046792,0.024787489324294625,-0.08095790045920702,-0.06665533954161632,1111,109,1780,692,487
baseline_zero_logit_vs_none,concrete3k,dice,0.7989288114855093,0.7219070422673846,3000,-0.07702176921812473,0.21478934584867682,-0.002600506847493189,-0.7059165973584907,0.017253608257541877,-0.0847938202804835,-0.06929081548220176,1111,109,1780,593,453
baseline_permuted_vs_none,khanhha_original,iou,0.6238044947390237,0.4393009252466805,1695,-0.1845035694923431,0.24327736609077602,-0.06353007784399456,-0.6248378731438821,0.020549032074277954,-0.1963781540820081,-0.17321962760719462,189,211,1295,914,744
baseline_permuted_vs_none,khanhha_original,dice,0.7453199181521043,0.5305005346745956,1695,-0.21481938347750892,0.2900743669861488,-0.053963224160363366,-0.7501447255652602,0.016786556151871055,-0.22858337040548773,-0.20074851127880763,189,211,1295,863,718
baseline_permuted_vs_none,khanhha_noisy1,iou,0.5678115519313996,0.2931198157370563,1695,-0.27469173619434334,0.25913996082646173,-0.22600567629087132,-0.7362428538457271,0.0,-0.2870258288735363,-0.2624464368473504,81,233,1381,1197,1068
baseline_permuted_vs_none,khanhha_noisy1,dice,0.6907005064260806,0.3565818136005998,1695,-0.33411869282548085,0.3094309673255936,-0.276301900070373,-0.8404672596079305,0.0,-0.34921321006218853,-0.31951986560855045,81,233,1381,1179,1067
baseline_permuted_vs_none,khanhha_noisy2,iou,0.5133437612837761,0.25335805280595575,1695,-0.2599857084778205,0.2588592999093143,-0.2168283252743116,-0.720313093056008,0.0035366970421548127,-0.27229743724388733,-0.24769825215405802,96,361,1238,1131,1023
baseline_permuted_vs_none,khanhha_noisy2,dice,0.6243293747541984,0.30207336909615495,1695,-0.32225600565804335,0.3101869616096551,-0.26997869476152003,-0.8245097588982263,0.0027970188267860633,-0.3369689421839245,-0.307367029900604,96,361,1238,1114,1039
baseline_permuted_vs_none,road420,iou,0.4836394002561577,0.14597390602891847,420,-0.33766549422723924,0.22507829449286207,-0.35669411405286094,-0.6751499151076676,0.034945553195586544,-0.35994291975175924,-0.3160754723889929,26,4,390,364,341
baseline_permuted_vs_none,road420,dice,0.6251577572863767,0.2035557959113958,420,-0.42160196137498074,0.27390428603688766,-0.4641018399726982,-0.7945628835907773,0.02542668210468783,-0.4476267387167934,-0.39639075261038426,26,4,390,363,338
baseline_permuted_vs_none,facade390,iou,0.5163686768272836,0.17723315509065665,390,-0.33913552173662703,0.2734956599249873,-0.3956739764614159,-0.697549766912173,0.13192338682058144,-0.36625501773720204,-0.31190665429706205,66,5,319,310,296
baseline_permuted_vs_none,facade390,dice,0.6655554364566215,0.24568927536187743,390,-0.41986616109474406,0.3231611597347006,-0.5068414778294895,-0.8191738258054676,0.12234326616640405,-0.4518992356366593,-0.3868305640848854,66,5,319,310,295
baseline_permuted_vs_none,concrete3k,iou,0.6998229373775023,0.23550091715236546,3000,-0.46432202022513686,0.31287235011019654,-0.509474096811676,-0.879721560218347,0.0,-0.475403213638397,-0.4531157673035925,71,102,2827,2687,2476
baseline_permuted_vs_none,concrete3k,dice,0.7989288114855093,0.3004338643269446,3000,-0.4984949471585646,0.3564086042261393,-0.5707173626217639,-0.9343758030199388,0.0,-0.5111878850317867,-0.4857387062518521,71,102,2827,2602,2332
baseline_shifted_vs_none,khanhha_original,iou,0.6238044947390237,0.4031534097552066,1695,-0.2206510849838171,0.2633048845316007,-0.08301447901192804,-0.6891447589820546,0.017175505051102356,-0.23331611293109786,-0.20828060546720434,159,216,1320,970,805
baseline_shifted_vs_none,khanhha_original,dice,0.7453199181521043,0.48296589468533907,1695,-0.2623540234667654,0.31815249661733813,-0.07363345506476332,-0.808261618241734,0.012675761743933697,-0.2778216129739546,-0.24704364285339267,159,216,1320,923,789
baseline_shifted_vs_none,khanhha_noisy1,iou,0.5678115519313996,0.2706333262904662,1695,-0.29717822564093344,0.2634372946036021,-0.27960242005185826,-0.7402502489781786,0.0,-0.30977316620357087,-0.28478691678260765,82,230,1383,1237,1126
baseline_shifted_vs_none,khanhha_noisy1,dice,0.6907005064260806,0.3250266043650436,1695,-0.3656739020610369,0.3163782314890914,-0.3611011390143747,-0.8442857181052054,0.0,-0.38064076427638294,-0.35075781342703577,82,230,1383,1221,1119
baseline_shifted_vs_none,khanhha_noisy2,iou,0.5133437612837761,0.2431178881980854,1695,-0.2702258730856908,0.2620463087238979,-0.23717472118959107,-0.7191778350611011,0.0004601705933682332,-0.28237241704553284,-0.2575676830086195,86,364,1245,1119,1031
baseline_shifted_vs_none,khanhha_noisy2,dice,0.6243293747541984,0.28535292820239405,1695,-0.3389764465518042,0.31752497906238425,-0.30827517447657027,-0.8344877014857586,0.0003516398838218948,-0.35413492397100366,-0.3240834798262184,86,364,1245,1110,1050
baseline_shifted_vs_none,road420,iou,0.4836394002561577,0.13576713134778942,420,-0.34787226890836825,0.2256815002541147,-0.366268368846313,-0.6962177537337758,-0.0011992999310823133,-0.36965488848761424,-0.3263796547408822,16,4,400,371,345
baseline_shifted_vs_none,road420,dice,0.6251577572863767,0.19116166672364676,420,-0.43399609056272975,0.273124605414772,-0.4813066166516889,-0.8143795164818134,-0.0023927048186322716,-0.45979032406032977,-0.40791566974829135,16,4,400,369,345
baseline_shifted_vs_none,facade390,iou,0.5163686768272836,0.15438655629339393,390,-0.36198212053388973,0.2705381671759932,-0.40359106044834503,-0.7333734530549112,0.1155187334461889,-0.38876738747307454,-0.3348776352016231,55,6,329,318,310
baseline_shifted_vs_none,facade390,dice,0.6655554364566215,0.21176119904537996,390,-0.4537942374112416,0.31623843553313274,-0.5510108653048952,-0.8364897161016177,0.10575844035515714,-0.4854274326524779,-0.4221326843345758,55,6,329,315,307
baseline_shifted_vs_none,concrete3k,iou,0.6998229373775023,0.2006544185659092,3000,-0.49916851881159313,0.32597942665946555,-0.6057112762818677,-0.8820559241964993,0.0,-0.510840276022274,-0.4872598368866758,87,102,2811,2665,2442
baseline_shifted_vs_none,concrete3k,dice,0.7989288114855093,0.25295389554398373,3000,-0.5459749159415255,0.36739775192715923,-0.7165057253990795,-0.9365838604539849,0.0,-0.5592801861516831,-0.5323134746028615,87,102,2811,2557,2337
matching_vs_permuted,khanhha_original,iou,0.4393009252466805,0.5191392292706984,1695,0.0798383040240178,0.3217012590711166,0.023690579342475204,-0.4497108584436728,0.5809211913141116,0.06431694109281695,0.09505784922410508,1093,181,421,180,148
matching_vs_permuted,khanhha_original,dice,0.5305005346745956,0.632741969602283,1695,0.10224143492768759,0.3618839970613244,0.019968051118210862,-0.6071684864481545,0.723589195508569,0.0852343505255488,0.1192566096983003,1093,181,421,177,148
matching_vs_permuted,khanhha_noisy1,iou,0.2931198157370563,0.44442639600594214,1695,0.15130658026888577,0.37817440081106257,0.11806286367433705,-1.0,0.6730035265360141,0.1332527592259287,0.16937811353272328,1222,188,285,176,152
matching_vs_permuted,khanhha_noisy1,dice,0.3565818136005998,0.5575872154898844,1695,0.20100540188928467,0.4257483218945979,0.14411149825783973,-1.0,0.7952248944235331,0.18081476335959634,0.22141282873876028,1222,188,285,185,151
matching_vs_permuted,khanhha_noisy2,iou,0.25335805280595575,0.42675285957812,1695,0.17339480677216432,0.3217716008288434,0.10753855544708515,-0.10285154842435631,0.6659972398530031,0.15814888521644688,0.18858509089209127,1160,326,209,118,87
matching_vs_permuted,khanhha_noisy2,dice,0.30207336909615495,0.5290019742293767,1695,0.22692860513322174,0.37064747762841366,0.14074844669718767,-0.12192135927275086,0.7893485260258186,0.2093651814904038,0.24454298594532473,1160,326,209,121,91
matching_vs_permuted,road420,iou,0.14597390602891847,0.35690252533553485,420,0.21092861930661636,0.26398126853631876,0.19550825726705665,-0.160828562249252,0.6313700853759028,0.18537481735047973,0.23593889668639084,342,13,65,36,31
matching_vs_permuted,road420,dice,0.2035557959113958,0.47767049923890376,420,0.274114703327508,0.3279658659507405,0.2480029334001072,-0.20134404837881018,0.7556422879175132,0.24251236056193048,0.305229643465165,342,13,65,39,33
matching_vs_permuted,facade390,iou,0.17723315509065665,0.39678402061607543,390,0.21955086552541883,0.3001730385057482,0.18759003406363747,-0.240227331936261,0.6695697992976932,0.18983119775159332,0.24913799787488444,281,19,90,63,46
matching_vs_permuted,facade390,dice,0.24568927536187743,0.5168656649602154,390,0.27117638959833784,0.3679362333335064,0.25041472192665126,-0.27869942619844434,0.7948442833137574,0.23437122674252214,0.30758014556742574,281,19,90,64,47
matching_vs_permuted,concrete3k,iou,0.23550091715236546,0.6592643842493463,3000,0.4237634670969809,0.31271343679550295,0.4527242270429435,0.0,0.850456205731223,0.4124734319339091,0.43506712144751575,2776,75,149,49,26
matching_vs_permuted,concrete3k,dice,0.3004338643269446,0.7706570504389626,3000,0.47022318611201785,0.35702068122952973,0.5230344351765717,0.0,0.9171562674795944,0.45756087524451083,0.483001928564922,2776,75,149,38,25
matching_vs_shifted,khanhha_original,iou,0.4031534097552066,0.5191392292706984,1695,0.11598581951549182,0.3379122406122099,0.033359288826663946,-0.38416668459905434,0.6450429302275184,0.09992494487703554,0.13157266828207725,1124,196,375,147,120
matching_vs_shifted,khanhha_original,dice,0.48296589468533907,0.632741969602283,1695,0.1497760749169441,0.38565099540888803,0.028267869290940495,-0.49173927018186736,0.7716454444439287,0.1312732651402094,0.16795416094240811,1124,196,375,147,124
matching_vs_shifted,khanhha_noisy1,iou,0.2706333262904662,0.44442639600594214,1695,0.1737930697154759,0.37947969511537616,0.1471567307192556,-1.0,0.6950923760100568,0.15556300714257643,0.1914685772349429,1228,204,263,149,129
matching_vs_shifted,khanhha_noisy1,dice,0.3250266043650436,0.5575872154898844,1695,0.23256061112484083,0.42918872308944933,0.18807683880113846,-1.0,0.8147510068580565,0.21217506102054293,0.25240998682806715,1228,204,263,151,130
matching_vs_shifted,khanhha_noisy2,iou,0.2431178881980854,0.42675285957812,1695,0.1836349713800346,0.32133173327810666,0.11043454193191254,-0.07301693545001317,0.6795765125289852,0.1680986342654407,0.19879809172573235,1182,349,164,95,73
matching_vs_shifted,khanhha_noisy2,dice,0.28535292820239405,0.5290019742293767,1695,0.24364904602698262,0.3742604438198441,0.14713406052075995,-0.0735436623668145,0.8040620810007929,0.2258029351125076,0.2613878823320325,1182,349,164,94,76
matching_vs_shifted,road420,iou,0.13576713134778942,0.35690252533553485,420,0.22113539398774543,0.2506387515171349,0.189595129293032,-0.10411991184111567,0.667770335182596,0.19697107979399595,0.24493622629186254,357,18,45,26,22
matching_vs_shifted,road420,dice,0.19116166672364676,0.47767049923890376,420,0.28650883251525705,0.31256726031896354,0.25826996453038603,-0.08531001729419962,0.7944187254770753,0.2561518509711923,0.3166616749196969,357,18,45,27,20
matching_vs_shifted,facade390,iou,0.15438655629339393,0.39678402061607543,390,0.24239746432268153,0.2879885384108323,0.22587758321164808,-0.1646198580550219,0.691424208758286,0.21433510036636413,0.27095611267493824,285,28,77,51,33
matching_vs_shifted,facade390,dice,0.21176119904537996,0.5168656649602154,390,0.30510446591483537,0.3506886528387116,0.284292185108307,-0.17644581166731604,0.8143499955971704,0.26948674898915037,0.33949965655745085,285,28,77,57,35
matching_vs_shifted,concrete3k,iou,0.2006544185659092,0.6592643842493463,3000,0.45860996568343704,0.32338266289096046,0.543812186644242,-0.0025718601478360286,0.8549374569292344,0.4471448233330075,0.47034113952145956,2761,77,162,52,28
matching_vs_shifted,concrete3k,dice,0.25295389554398373,0.7706570504389626,3000,0.5177031548949788,0.3665309396348093,0.6673312901871609,-0.002001306400742868,0.9204995244460553,0.5046013368527529,0.5307525802002255,2761,77,162,44,20
frangi_epoch20_prompt_vs_none,khanhha_original,iou,0.6226190085159142,0.6221042065954592,1695,-0.0005148019204551202,0.037343200453527195,0.0,-0.012753550468234997,0.0154170881782878,-0.0025351257579321025,0.000998652634600275,807,230,658,13,5
frangi_epoch20_prompt_vs_none,khanhha_original,dice,0.74384914917531,0.7433969835592719,1695,-0.00045216561603794936,0.038007190885317246,0.0,-0.010848569018612074,0.013617692147471381,-0.002504584973087691,0.0011117826172692467,807,230,658,13,7
frangi_epoch20_prompt_vs_none,khanhha_noisy1,iou,0.5663659937139918,0.5671702719139617,1695,0.000804278199969883,0.03933610483688489,0.0,-0.015647557515085054,0.02134456383621413,-0.0011166499768879784,0.0025898332836423545,684,272,739,14,7
frangi_epoch20_prompt_vs_none,khanhha_noisy1,dice,0.6864491111257272,0.6876911884994982,1695,0.0012420773737710292,0.04720446026449177,0.0,-0.015187595599694991,0.020012586507393047,-0.0009821921904785828,0.0035323234937996027,684,272,739,15,7
frangi_epoch20_prompt_vs_none,khanhha_noisy2,iou,0.4830532646288599,0.4848449934688206,1695,0.001791728839960712,0.0471983377038407,0.0,-0.019589933277209988,0.02360947672231886,-0.0003749986218185103,0.00403000679635395,553,491,651,35,14
frangi_epoch20_prompt_vs_none,khanhha_noisy2,dice,0.5805089009425181,0.5837138133800122,1695,0.0032049124374942763,0.06149467795000341,0.0,-0.019238929423950345,0.022866653308557944,0.00040942677123539587,0.006214542386848007,553,491,651,39,21
frangi_epoch20_prompt_vs_none,road420,iou,0.467531536428341,0.4745337872293983,420,0.007002250801057342,0.04816298119257112,-0.0005706918555470758,-0.04611074078707169,0.09037799418817065,0.002419960486810445,0.011703770984295338,202,5,213,13,4
frangi_epoch20_prompt_vs_none,road420,dice,0.606295158953397,0.6168933541689894,420,0.010598195215592549,0.06013288598416499,-0.0004859259977399999,-0.04105648383971212,0.11229399591211651,0.005038015490214358,0.016455058434267353,202,5,213,11,4
frangi_epoch20_prompt_vs_none,facade390,iou,0.5072344879597794,0.4989024325370098,390,-0.008332055422769775,0.045001114788737105,-0.008661530135790907,-0.05374681239607821,0.03462863374955357,-0.012373073601428265,-0.0032875810027278383,128,2,260,21,4
frangi_epoch20_prompt_vs_none,facade390,dice,0.6614047896473292,0.65386524540482,390,-0.007539544242509142,0.049733884881025536,-0.008210017647654,-0.046920420822556055,0.030239684349517123,-0.011891651374695214,-0.0020320247419035684,128,2,260,17,3
frangi_epoch20_prompt_vs_none,concrete3k,iou,0.6774763875645664,0.6827934235297374,3000,0.005317035965170934,0.07119917277955432,0.0018799716277910772,-0.02592677453739878,0.02899608589865647,0.002791885703848271,0.007842290623244753,1786,108,1106,63,28
frangi_epoch20_prompt_vs_none,concrete3k,dice,0.7835097326954794,0.7889220770382835,3000,0.005412344342804204,0.07618298560725618,0.0012664248104878317,-0.021444016189605522,0.0217789867935702,0.002789568946848824,0.008151219377098328,1786,108,1106,51,21
frangi_training_effect_without_prompt,khanhha_original,iou,0.6238044947390237,0.6226190085159142,1695,-0.001185486223109379,0.04459062934633045,0.0,-0.03551279592814197,0.03066017501317169,-0.0031600259140592856,0.0011082278082255575,633,231,831,52,15
frangi_training_effect_without_prompt,khanhha_original,dice,0.7453199181521043,0.74384914917531,1695,-0.0014707689767945093,0.04538771221317154,0.0,-0.03196091160149726,0.024869198462019942,-0.0034553655260912974,0.0008587826081231672,633,231,831,46,18
frangi_training_effect_without_prompt,khanhha_noisy1,iou,0.5678115519313996,0.5663659937139918,1695,-0.0014455582174078662,0.08254153330824393,0.0,-0.07171158973614482,0.08388382698850759,-0.005350044045823349,0.0025056589972298746,642,248,805,140,61
frangi_training_effect_without_prompt,khanhha_noisy1,dice,0.6907005064260806,0.6864491111257272,1695,-0.004251395300353432,0.09903669682302403,0.0,-0.08121287579830185,0.0757630837811577,-0.00900470670538569,0.00035545710664025744,642,248,805,132,63
frangi_training_effect_without_prompt,khanhha_noisy2,iou,0.5133437612837761,0.4830532646288599,1695,-0.030290496654916264,0.12992319069086944,0.0,-0.3232302660394232,0.06208219660751307,-0.0364804400381486,-0.02411640336905752,549,365,781,297,218
frangi_training_effect_without_prompt,khanhha_noisy2,dice,0.6243293747541984,0.5805089009425181,1695,-0.04382047381168024,0.1714536487486375,0.0,-0.4745629911745937,0.055748061405109246,-0.05209867146126589,-0.03586164416438325,549,365,781,291,223
frangi_training_effect_without_prompt,road420,iou,0.4836394002561577,0.467531536428341,420,-0.016107863827816715,0.17620076806640397,-0.007346380088412319,-0.337318209744134,0.2858704056340602,-0.03337407542461555,0.0005612466019178127,189,1,230,146,106
frangi_training_effect_without_prompt,road420,dice,0.6251577572863767,0.606295158953397,420,-0.01886259833297967,0.18950021036747314,-0.005756412161710606,-0.36569129786948523,0.3053909051399965,-0.03690692512878259,-0.0007481770047144977,189,1,230,135,102
frangi_training_effect_without_prompt,facade390,iou,0.5163686768272836,0.5072344879597794,390,-0.009134188867504117,0.13727106444873152,-0.011592212649697453,-0.20432680757456276,0.22405752283081806,-0.022748374336229994,0.004549841073384082,172,2,216,134,87
frangi_training_effect_without_prompt,facade390,dice,0.6655554364566215,0.6614047896473292,390,-0.004150646809292384,0.13242269338704657,-0.008650419553325295,-0.1787090556343564,0.2083973297714955,-0.01715549356457796,0.00889076394935811,172,2,216,126,73
frangi_training_effect_without_prompt,concrete3k,iou,0.6998229373775023,0.6774763875645664,3000,-0.022346549812935896,0.10162276733482561,-0.020801319451720257,-0.1251501304465394,0.0942559065285785,-0.025919020695529153,-0.018610251344985205,669,99,2232,713,228
frangi_training_effect_without_prompt,concrete3k,dice,0.7989288114855093,0.7835097326954794,3000,-0.015419078790029846,0.1010060976069095,-0.013814570516023472,-0.09282511974387658,0.07553976721882345,-0.019094826628561073,-0.011827139644307474,669,99,2232,414,130
historical_joint_epoch20_vs_baseline,khanhha_original,iou,0.6238044947390237,0.6221042065954592,1695,-0.0017002881435644992,0.05498029461339493,0.0,-0.03759914598179291,0.02832679958745723,-0.004349450339101966,0.0009849361973517958,682,224,789,55,16
historical_joint_epoch20_vs_baseline,khanhha_original,dice,0.7453199181521043,0.7433969835592719,1695,-0.0019229345928324583,0.055508130772453354,0.0,-0.033044263796989264,0.02396650371467628,-0.004594160765542548,0.0006896047212275295,682,224,789,52,20
historical_joint_epoch20_vs_baseline,khanhha_noisy1,iou,0.5678115519313996,0.5671702719139617,1695,-0.0006412800174379835,0.08314265434288862,0.0,-0.06588038902724563,0.0833364308966498,-0.004530592321402592,0.003325642121671955,652,247,796,134,57
historical_joint_epoch20_vs_baseline,khanhha_noisy1,dice,0.6907005064260806,0.6876911884994982,1695,-0.003009317926582401,0.09697030238038742,0.0,-0.07009418121492407,0.07642408876465095,-0.007612988707387861,0.0016427238447995751,652,247,796,118,58
historical_joint_epoch20_vs_baseline,khanhha_noisy2,iou,0.5133437612837761,0.4848449934688206,1695,-0.028498767814955552,0.12597071185640848,0.0,-0.30734246727784387,0.06035293711004217,-0.03446416071437796,-0.022571507953156107,536,361,798,303,209
historical_joint_epoch20_vs_baseline,khanhha_noisy2,dice,0.6243293747541984,0.5837138133800122,1695,-0.040615561374185975,0.16526748719611817,0.0,-0.43949916428966257,0.054373774732148654,-0.04829309168174418,-0.03278260827869237,536,361,798,292,221
historical_joint_epoch20_vs_baseline,road420,iou,0.4836394002561577,0.4745337872293983,420,-0.00910561302675937,0.17505578163899488,-0.004807934246842532,-0.3447493100263294,0.29736210775194694,-0.025606095995861715,0.007483933445390039,202,1,217,139,99
historical_joint_epoch20_vs_baseline,road420,dice,0.6251577572863767,0.6168933541689894,420,-0.008264403117387123,0.18715723657231695,-0.003934134200928807,-0.34783824794196483,0.31162325465281554,-0.02627671089771967,0.009408106463743227,202,1,217,126,94
historical_joint_epoch20_vs_baseline,facade390,iou,0.5163686768272836,0.4989024325370098,390,-0.01746624429027389,0.13508424507632955,-0.023140234346561456,-0.22288247534013794,0.212931456552862,-0.030690923968460834,-0.0038654859844751734,162,2,226,151,90
historical_joint_epoch20_vs_baseline,facade390,dice,0.6655554364566215,0.65386524540482,390,-0.011690191051801524,0.12851558095125187,-0.01855296918469207,-0.1881208962434725,0.18292170959856804,-0.02422098284093341,0.0014591745695009034,162,2,226,142,80
historical_joint_epoch20_vs_baseline,concrete3k,iou,0.6998229373775023,0.6827934235297374,3000,-0.01702951384776496,0.10372613721784925,-0.018826680652063443,-0.12211614689160148,0.10666053021749942,-0.020636870917314868,-0.013300017810872075,749,89,2162,644,227
historical_joint_epoch20_vs_baseline,concrete3k,dice,0.7989288114855093,0.7889220770382835,3000,-0.010006734447225642,0.10046531177158292,-0.012495228974514216,-0.09068249705232496,0.08933639340872873,-0.013577624252152913,-0.006322913197974686,749,89,2162,373,125
frangi_best_prompt_vs_none,khanhha_original,iou,0.6236679140089544,0.6229724776349823,1695,-0.0006954363739719502,0.0437099963617531,0.0,-0.010954337039122297,0.014455537548073629,-0.003060983849705845,0.0011116738276312533,804,229,662,11,3
frangi_best_prompt_vs_none,khanhha_original,dice,0.7450026064602921,0.744551397838268,1695,-0.0004512086220243482,0.04426063112934519,0.0,-0.008762752506525862,0.013321599417049561,-0.00285775852310184,0.0013948637354580396,804,229,662,9,3
frangi_best_prompt_vs_none,khanhha_noisy1,iou,0.570565158322091,0.5704863157450496,1695,-7.884257704140408e-05,0.042811887703106205,0.0,-0.014008613678744652,0.017581443696220694,-0.002338798914870405,0.001835101661918429,698,264,733,13,5
frangi_best_prompt_vs_none,khanhha_noisy1,dice,0.6911382274594721,0.6915218272274141,1695,0.000383599767942041,0.046983243428827565,0.0,-0.012853174936710432,0.016333771984895717,-0.0020128245366463227,0.0025347455798711686,698,264,733,12,7
frangi_best_prompt_vs_none,khanhha_noisy2,iou,0.4795305983450039,0.4841029913509463,1695,0.004572393005942441,0.04225589612962188,0.0,-0.014258250226220464,0.03406450710786818,0.002588872230802298,0.006628237683126344,577,497,621,15,6
frangi_best_prompt_vs_none,khanhha_noisy2,dice,0.5759198983119367,0.5832175747792807,1695,0.007297676467343993,0.057371329765004746,0.0,-0.015000872587887664,0.03531884976166303,0.004589651604298883,0.010014828331643627,577,497,621,18,5
frangi_best_prompt_vs_none,road420,iou,0.4607365943579205,0.4700934262501071,420,0.009356831892186557,0.04964362808517449,0.00012656934005889076,-0.039302217797417216,0.10062176155209955,0.004710915477350804,0.014159469779853254,211,4,205,13,3
frangi_best_prompt_vs_none,road420,dice,0.5998241750749992,0.6129848206288302,420,0.013160645553830964,0.061708927877194016,0.00010738595924147942,-0.03326740043041707,0.12298017681346161,0.007562239887544252,0.019352358332407203,211,4,205,11,3
frangi_best_prompt_vs_none,facade390,iou,0.5050155858555027,0.49993980938850946,390,-0.005075776466993226,0.04152214081118483,-0.005254935486261464,-0.04441146837730227,0.03330647308455088,-0.00891921228531874,-0.000720793507220452,136,2,252,15,3
frangi_best_prompt_vs_none,facade390,dice,0.6593121582060086,0.6551241020989096,390,-0.004188056107099016,0.04689340748057313,-0.004658104095377091,-0.040583041242511636,0.029521411853261306,-0.008270104422870314,0.0010297929833897686,136,2,252,6,2
frangi_best_prompt_vs_none,concrete3k,iou,0.68394130303007,0.6901317148391102,3000,0.006190411809040289,0.070415437227616,0.002025080664130874,-0.020641323831801894,0.02842348302111492,0.003702505784411894,0.008720890297723712,1813,106,1081,56,23
frangi_best_prompt_vs_none,concrete3k,dice,0.7872177616299129,0.79337331528927,3000,0.006155553659357303,0.07521520825698168,0.0013740023059444773,-0.016934590889916085,0.021361794632630937,0.0034882079858346146,0.008887820086421028,1813,106,1081,39,19
historical_joint_best_vs_baseline,khanhha_original,iou,0.6238044947390237,0.6229724776349823,1695,-0.0008320171040413121,0.0497190481300844,0.0,-0.03497726899944831,0.03135995428628223,-0.003322926386690262,0.0014711403202052064,730,226,739,44,13
historical_joint_best_vs_baseline,khanhha_original,dice,0.7453199181521043,0.744551397838268,1695,-0.0007685203138365167,0.05014179264582649,0.0,-0.02980297003796557,0.027752315949192592,-0.0032241707544773943,0.0015597484027670369,730,226,739,42,15
historical_joint_best_vs_baseline,khanhha_noisy1,iou,0.5678115519313996,0.5704863157450496,1695,0.0026747638136498096,0.08608290122162508,0.0,-0.06605990550395749,0.09542382821523004,-0.001453300426283593,0.006685168612852982,672,243,780,127,48
historical_joint_best_vs_baseline,khanhha_noisy1,dice,0.6907005064260806,0.6915218272274141,1695,0.0008213208013335449,0.09765916767838932,0.0,-0.06753076860548249,0.08563399040787306,-0.0038920099365951522,0.005464426329628916,672,243,780,115,50
historical_joint_best_vs_baseline,khanhha_noisy2,iou,0.5133437612837761,0.4841029913509463,1695,-0.02924076993282984,0.12745508168323924,0.0,-0.30470796002962713,0.061486847477880975,-0.03518895452831131,-0.023240418470725974,527,363,805,306,213
historical_joint_best_vs_baseline,khanhha_noisy2,dice,0.6243293747541984,0.5832175747792807,1695,-0.04111179997491753,0.16544053723263324,0.0,-0.43949916428966257,0.05450206545682048,-0.048986407109621856,-0.03358671218735023,527,363,805,300,226
historical_joint_best_vs_baseline,road420,iou,0.4836394002561577,0.4700934262501071,420,-0.013545974006050574,0.17403470670024737,-0.006114492840419121,-0.3373608733478138,0.2848232895092748,-0.030199772327643433,0.0028613529259591914,196,0,224,141,98
historical_joint_best_vs_baseline,road420,dice,0.6251577572863767,0.6129848206288302,420,-0.012172936657546438,0.185781091616731,-0.004899253511499502,-0.3373194196338569,0.30487824608054187,-0.02990787282035299,0.005783449792604825,196,0,224,131,97
historical_joint_best_vs_baseline,facade390,iou,0.5163686768272836,0.49993980938850946,390,-0.0164288674387742,0.1346128345153478,-0.015764738993992833,-0.2178596919382603,0.23171715003062382,-0.029504982491427117,-0.0030446800083907505,161,2,227,143,93
historical_joint_best_vs_baseline,facade390,dice,0.6655554364566215,0.6551241020989096,390,-0.010431334357711937,0.1268648997940081,-0.013475563269954749,-0.18754388240257372,0.19712684673311143,-0.02277034601339007,0.0025469356449375237,161,2,227,137,80
historical_joint_best_vs_baseline,concrete3k,iou,0.6998229373775023,0.6901317148391102,3000,-0.009691222538392072,0.09440265339918748,-0.009087629378075224,-0.1043605035267047,0.08627224633834008,-0.013111284802889806,-0.006431394028821239,1014,91,1895,427,161
historical_joint_best_vs_baseline,concrete3k,dice,0.7989288114855093,0.79337331528927,3000,-0.005555496196239089,0.09221677720786702,-0.005981991789747287,-0.0758055591228412,0.0719004797011626,-0.008837791181705466,-0.002247755017376672,1014,91,1895,276,83
