cohort,map,physical_scenes,observations,ap_tol2_mean,ap_tol2_median,ap_tol2_ci95_low,ap_tol2_ci95_high,precision_top_p01_mean,precision_top_p01_median,precision_top_p01_ci95_low,precision_top_p01_ci95_high,skeleton_recall_top_p01_mean,skeleton_recall_top_p01_median,skeleton_recall_top_p01_ci95_low,skeleton_recall_top_p01_ci95_high,response_mass_near_gt_mean,response_mass_near_gt_median,response_mass_near_gt_ci95_low,response_mass_near_gt_ci95_high,active_fraction_010_mean,active_fraction_010_median,active_fraction_010_ci95_low,active_fraction_010_ci95_high
pooled_original,black_tophat,30,30,0.15497063614659162,0.1639654801898916,0.12036691491854386,0.1904350668992548,0.32709163346613546,0.29282868525896416,0.2303452855245684,0.4248339973439575,0.46614808805555286,0.4276519550909794,0.35097516252463523,0.5793142691654188,0.0912488647115727,0.0734087154269218,0.06289019833706938,0.12447560758795585,0.34098174426020395,0.33547911352040816,0.3214382540125425,0.3611992453231292
pooled_original,derivative_pair,30,30,0.07388116505670027,0.061000746465564346,0.055692129902660585,0.09461392583321908,0.11839309428950857,0.1095617529880478,0.08313247011952189,0.16042994687914996,0.3677396441909071,0.35758377425044086,0.2891999392109933,0.4414039272668494,0.06793694983546929,0.04583960771560665,0.043632492299657294,0.09704241386459515,0.3991629464285714,0.41618502869897955,0.36741219241602896,0.42123927109906456
pooled_original,frangi_relative,30,30,0.08980671247791977,0.06782892561228365,0.06599231486362875,0.11585711695925754,0.16567065073041162,0.0567729083665338,0.09561254980079677,0.24667994687915,0.2974558800790142,0.16737198476512904,0.1900532297619565,0.4102986970750235,0.08308328390121457,0.047465313225984504,0.052909874663067326,0.11575847962250307,0.08136957908163261,0.07918128188775506,0.05992926565157308,0.10371907552083327
pooled_original,frangi_similarity_historical,30,30,0.34396681652999034,0.296780708620167,0.2390871276884389,0.4531576615670604,0.4146082337317398,0.34063745019920316,0.2806059096945552,0.5478768260292165,0.25618998463603354,0.2227354226933705,0.17572437029706567,0.341249424509487,0.22762466888719546,0.13344342634081835,0.1455611005134415,0.31803702380294757,0.1914580676020408,0.194644850127551,0.16701631922300164,0.2150679441698554
pooled_original,fusion_ofs_profile,30,30,0.1855733526361387,0.14418716366928946,0.13282452260667202,0.24871016191574996,0.3229083665338645,0.27689243027888444,0.20889608233731732,0.44229913678618843,0.4276512346819074,0.4018959435626102,0.3099476798806735,0.5428559646749381,0.44682792083670697,0.40270601212978363,0.32581986697235454,0.5675965762479852,0.01451557185374145,0.0063875159438775,0.008540570525084987,0.021554860225340082
pooled_original,fusion_precision,30,30,0.18482363645290906,0.1420618784590763,0.13185155355977346,0.24822238270866873,0.32177954847277557,0.28784860557768926,0.20836321381142098,0.4421713147410357,0.4344400874588453,0.4018959435626102,0.3136948306067255,0.5556394739805743,0.4370529257381956,0.383716881275177,0.3202153606247157,0.5571437298149492,0.016117931547618997,0.0072046396683672995,0.009626016422193835,0.023847573208971032
pooled_original,fusion_reflectance,30,30,0.1842231631025039,0.14287086958053524,0.1300438626698214,0.24921767861684946,0.3146746347941567,0.2729083665338645,0.2037184594953519,0.4346630146082337,0.4278519013061869,0.39868028948488715,0.31366230304208287,0.5436951557387516,0.4261029614135623,0.34301695227622986,0.3065585968721037,0.5476505520908782,0.01787375106292512,0.0075932716836734,0.010772049053996556,0.02630033947172614
pooled_original,line_step_bic,30,30,0.14705613145816912,0.14056628486203332,0.11409784973791526,0.18343071509513864,0.29820717131474095,0.2788844621513944,0.20896082337317395,0.39283366533864544,0.45829440220085504,0.4681424719738896,0.3485468301584719,0.5681282008052195,0.12086859180902439,0.10630764439702031,0.08414761664268249,0.16331407436712952,0.21713236075680264,0.2329500159438775,0.1851611826371173,0.24833338315795064
pooled_original,ofs,30,30,0.19500619481493364,0.147077248133758,0.13594178926526687,0.26455429969057104,0.3181938911022576,0.24003984063745015,0.20690571049136786,0.43951361221779545,0.40455746055408526,0.3742017879948914,0.2924392009783981,0.5162711886634532,0.4634332776069641,0.4331320524215698,0.33807850746748347,0.5880835053883493,0.010747502125850296,0.0025510204081632,0.004880005713222752,0.01822413438031457
pooled_original,ofs_reflectance,30,30,0.19431469955847522,0.14537841674081486,0.13372238912144518,0.2637966202294135,0.31122177954847274,0.19920318725099595,0.19859893758300132,0.43552622841965466,0.38876276218531675,0.32304045717254365,0.2806396127508914,0.49881552240722615,0.4554308739801248,0.43568840622901917,0.3323376274419328,0.579741512828817,0.011675568664965948,0.00270049426020405,0.005606182902848596,0.01949150656356288
pooled_original,paired_profile,30,30,0.1337505079263958,0.14278296553730904,0.10705715610577074,0.1600171815520002,0.2953519256308101,0.2619521912350597,0.20783532536520583,0.3857254316069057,0.4734835419725129,0.5136937703987512,0.3637467632528428,0.5805402199438499,0.07050904007628556,0.0616767778992652,0.0509208210619787,0.09194222112186248,0.4435686383928571,0.4476741868622448,0.4367842361553996,0.4497690130739795
pooled_original,phase_symmetry,30,30,0.20593000682554333,0.18077368754557474,0.15281026645969917,0.2632075517988282,0.3452191235059761,0.3336653386454183,0.24973107569721115,0.4486719787516601,0.5347317563117033,0.6353330577468508,0.4179847286690459,0.6466972972905638,0.10098788724280891,0.07977129891514775,0.06758211362602497,0.1410386365042844,0.3402961575255102,0.34472656249999994,0.33153361833014444,0.3483359906462585
pooled_original,verified_frangi_bic,30,30,0.20496992037716152,0.185956131557968,0.15302259499967164,0.2600697858073376,0.3549136786188579,0.31872509960159356,0.23996347941567062,0.4765006640106241,0.40020425667878345,0.41333698230249954,0.29242885847896244,0.5081030399917085,0.23333147391676903,0.18280785530805585,0.15072607391358664,0.325438781317013,0.10420918367346935,0.0810945471938775,0.08495097257653057,0.12443997130102036
pooled_original,verified_frangi_consensus,30,30,0.17556388317206928,0.11971032710476176,0.11929507426185978,0.2412758701442025,0.30916334661354583,0.1733067729083665,0.19481739707835324,0.43545816733067727,0.39122230620280224,0.3500732370788868,0.28101429800698263,0.5043127829866816,0.43146225724679726,0.3754664808511734,0.3061247365696666,0.5579840376759724,0.013605442176870706,0.006845902423469349,0.008600260416666622,0.019195282605229545
pooled_original,verified_frangi_ofs,30,30,0.18612270321740682,0.1212938630546764,0.12394777988919632,0.256924661258503,0.3110225763612218,0.16932270916334655,0.19422144754316065,0.4391782868525895,0.3745500366355241,0.35418846341633536,0.2675784671291968,0.4855198981161415,0.4424958614477267,0.42153213918209076,0.31155355787137523,0.5730772435409017,0.013182265093537362,0.0049326371173469,0.007777938323766948,0.019553189439838383
pooled_original,verified_frangi_v2,30,30,0.1641554016670031,0.15841535326086414,0.12226951334055591,0.20689886807099042,0.32430278884462155,0.28187250996015933,0.21991699867197875,0.43599103585657367,0.453251665548,0.4398832329866812,0.352495371990377,0.5547979264733766,0.2166726511903107,0.1503045335412025,0.1379398017229202,0.3055792335576067,0.09078709608843534,0.0727937659438775,0.07268601190476184,0.10934477306547616
khanhha_original,black_tophat,24,24,0.1711758600396371,0.1834303023895249,0.1309343876893314,0.21110947655148873,0.35242363877822047,0.3147410358565737,0.2419488711819389,0.46746555444887117,0.474327757253878,0.4276519550909794,0.3572980302964417,0.5945693632460238,0.09462406754028048,0.08046102896332741,0.06037414135062132,0.13596880919552246,0.34931624016794216,0.34076052295918363,0.32941846782658374,0.3697927669602997
khanhha_original,derivative_pair,24,24,0.08053723421084963,0.0658896948381239,0.05746499174297514,0.10553014262687375,0.11694887118193888,0.1095617529880478,0.07370517928286847,0.16899070385126158,0.3119247263527813,0.3106832807843476,0.23318283942666065,0.3907317733167087,0.07375368371140208,0.048291249200701644,0.04318103841311914,0.10896174164760544,0.39112075494260196,0.40909000318877553,0.35285625847018487,0.41819034498565044
khanhha_original,frangi_relative,24,24,0.09706839117063029,0.07957864447976845,0.06707547155440911,0.1303244607524676,0.17695883134130144,0.046812749003983994,0.08955635790172639,0.272410358565737,0.2801954626745588,0.16737198476512904,0.15949580667124044,0.4039360115396786,0.0867677977463851,0.045636106282472555,0.05134561060306925,0.12649273825033253,0.08567675116921765,0.0809052136479591,0.06321498325892853,0.10885993801817598
khanhha_original,frangi_similarity_historical,24,24,0.3847715876157085,0.33980278583196677,0.27603854401582917,0.4968389683419144,0.44945219123505975,0.4671314741035857,0.29838977423638774,0.5977776394422311,0.2757016557753891,0.2227354226933705,0.18391798149172542,0.37340663138657176,0.2466254896329095,0.15568896383047098,0.15234496424673125,0.35246888980618674,0.1990875451743197,0.2097118144132653,0.16973696338887115,0.2266947635987988
khanhha_original,fusion_ofs_profile,24,24,0.2030251996547298,0.145850227577545,0.13630373544527039,0.2826843306088038,0.30851593625498,0.2141434262948207,0.18417787184594947,0.44264608233731734,0.390266303837382,0.29465546811945115,0.2632818238004527,0.5202919880124109,0.4520526690563808,0.4687386006116867,0.3151210314633014,0.5870014388967927,0.01179763897746594,0.00342793367346935,0.006672305152529707,0.01804325856319086
khanhha_original,fusion_precision,24,24,0.20171337655622845,0.14485822787744823,0.1353332062763659,0.2806193067125647,0.30519588313413015,0.2051792828685259,0.17853585657370516,0.4433121679946879,0.3949637974040718,0.296887610976594,0.2676075889209299,0.5266632470928052,0.4410764572676271,0.4473956972360611,0.30342275415702413,0.5743681622552685,0.013144564466411513,0.00408561862244895,0.007384776420333708,0.019908339312287353
khanhha_original,fusion_reflectance,24,24,0.20356548986993078,0.14581876205315208,0.13573974503400638,0.28465802818428393,0.3018758300132802,0.2091633466135458,0.17836777888446215,0.43941525564409023,0.39249462630838894,0.2924233252623083,0.26436478606243746,0.5240871576717249,0.43276059231720865,0.4203877747058868,0.2978914974024519,0.566871927016958,0.014689127604166616,0.0041254783163264495,0.008211408342633888,0.022194438077965513
khanhha_original,line_step_bic,24,24,0.15225835599246895,0.15225719805936,0.11234939939896899,0.19594815984393565,0.29150066401062413,0.27589641434262946,0.1899879648074369,0.4024734395750332,0.4295131871626262,0.3182972241029113,0.3076061465202716,0.5516691437914322,0.11746871979751931,0.0976964235305786,0.07512828914429213,0.16828311986464536,0.23190619021045913,0.2463827327806122,0.19819931756882436,0.2634902227492559
khanhha_original,ofs,24,24,0.21568124487140383,0.150864598916675,0.1423019672728888,0.30192245502059184,0.3116699867197875,0.2141434262948207,0.1857528220451527,0.4482175464807435,0.38834045562136194,0.28944713478611783,0.26246654247374535,0.517818573006161,0.473893982047836,0.5011667311191559,0.3321723019354977,0.6128200022542538,0.008034219547193834,0.00074736926020405,0.003647037428252504,0.01353410993303567
khanhha_original,ofs_reflectance,24,24,0.21718509593456478,0.15199604420054313,0.1422546447116756,0.307109773497668,0.30743691899070386,0.18027888446215135,0.17828477755644087,0.44422518260292165,0.38435210003722214,0.28755979448414337,0.2607094725892649,0.5077919039360902,0.4682534309104085,0.4991249293088913,0.32918273031245915,0.6097479880787431,0.008898676658163225,0.0007672991071428,0.0039825024247980055,0.015150109115911945
khanhha_original,paired_profile,24,24,0.132725582301414,0.142519887993596,0.10202708427098167,0.16276092619136862,0.2838645418326693,0.24800796812749,0.18177083333333333,0.39400937915006634,0.4279861324390247,0.3539186507936508,0.30483214251264307,0.5536461858253343,0.07253854593727732,0.0616767778992652,0.04845853592754181,0.09952113640708068,0.444644850127551,0.4513113839285714,0.4365325304926658,0.45232618682238523
khanhha_original,phase_symmetry,24,24,0.21827367415135274,0.18621508623281485,0.15513213376648716,0.2877072793167357,0.3410524568393094,0.31872509960159356,0.2283325033200531,0.45966550464807426,0.4962684572418722,0.5409663865546219,0.3744238231456911,0.6191518948064011,0.1071236778128271,0.07977129891514775,0.06716826702759132,0.156072491267696,0.3408933886054421,0.34472656249999994,0.33195528821880316,0.34929139014004035
khanhha_original,verified_frangi_bic,24,24,0.22831667056171895,0.26226877549840477,0.17082077625779934,0.28837950389425543,0.37524900398406374,0.33665338645418325,0.24385790172642763,0.5107943227091633,0.4313234014213207,0.45629306836203387,0.31413330824634933,0.5502825593623683,0.24686595029197633,0.18560521304607386,0.15012655887791573,0.3601554270620301,0.1122955529868197,0.109504544005102,0.08775510204081628,0.13624228133636263
khanhha_original,verified_frangi_consensus,24,24,0.20043026770819022,0.14984917490420485,0.13176446537513695,0.28098573534056925,0.30204183266932266,0.1603585657370518,0.17430071381142098,0.438496015936255,0.3765872168520915,0.29019118240516545,0.2515938784269494,0.4992485530984474,0.43972296595651034,0.4223034679889679,0.3009994879025423,0.5795979965633402,0.012408820950255061,0.0046137595663264495,0.0070501210738201205,0.018672149035395373
khanhha_original,verified_frangi_ofs,24,24,0.21390560327590596,0.1532209270231141,0.13759522693697604,0.300942252594445,0.3090139442231075,0.14342629482071706,0.1762118193891102,0.44970119521912344,0.36802663870790997,0.28581763420539774,0.24555086485958688,0.4937584647940714,0.4563790654647164,0.45738546550273895,0.30956981230216724,0.5956087346188723,0.011768574617346888,0.003547512755102,0.00626453218005948,0.018341355096726134
khanhha_original,verified_frangi_v2,24,24,0.18271016829639525,0.1791156396868139,0.13470855869362727,0.23195566664686904,0.33623837981407695,0.28585657370517925,0.21654838977423638,0.4644816567065072,0.45794513124414793,0.46200096200096197,0.34012294422912853,0.5694411827123704,0.23151695437263697,0.1538308560848236,0.13641170573828276,0.3435953186485372,0.09724851854804417,0.0739198022959183,0.07623787185772743,0.11927550439120956
khanhha_noisy1,black_tophat,24,24,0.18841112945659816,0.18935355668655784,0.13874526391808073,0.23793478311136218,0.35009960159362546,0.3366533864541832,0.2251743027888446,0.48315488047808747,0.37274821380950557,0.41071428571428564,0.27156871947937955,0.4689112373788699,0.08292025513947006,0.06812011078000065,0.05345587793271985,0.11490954512264576,0.470767897002551,0.49269571109693877,0.4492724152649341,0.49154532296316966
khanhha_noisy1,derivative_pair,24,24,0.08436722588797313,0.06875223250908495,0.05885477516892349,0.11229766036341528,0.12275896414342626,0.1175298804780876,0.07544613213811417,0.1818579847277556,0.32238316666506645,0.3363746958637469,0.24684668941096077,0.39677252006195396,0.07884733499183007,0.0510698594152927,0.04550185502448581,0.12050093276872452,0.36433587106717685,0.37506975446428564,0.33173967218723427,0.3854135941485969
khanhha_noisy1,frangi_relative,24,24,0.104426702203762,0.076988634847606,0.07061251085847194,0.14213130480457561,0.197543160690571,0.049800796812748946,0.09985059760956173,0.313496015936255,0.2505132003401128,0.12099411379986919,0.14030620928494478,0.3682905211398875,0.09459459816571321,0.043283974751830046,0.052618994417328674,0.1446697843134946,0.06611477598852035,0.06960499043367341,0.04963001069568447,0.08377859933035708
khanhha_noisy1,frangi_similarity_historical,24,24,0.3638476651891335,0.32600980627828874,0.24214042840907335,0.4844676512246119,0.4310258964143426,0.35059760956175295,0.27581133798140767,0.5905565239043824,0.23696738249079133,0.20589753516582782,0.15841618559770967,0.3189812000530222,0.23860736924689263,0.14897494763135904,0.14460008313083866,0.34262375472753775,0.2029904735331632,0.21061862244897955,0.1777544294084821,0.22652901370509135
khanhha_noisy1,fusion_ofs_profile,24,24,0.19363182476223964,0.12982282228789305,0.12194623710015394,0.2765103890955883,0.28378154050464804,0.14940239043824696,0.16109935258964145,0.4204930278884461,0.36250102831299874,0.35934977804681195,0.2455021093868115,0.4790129533970541,0.38931666951005656,0.3077927976846695,0.24901344377625115,0.5328750957579662,0.013001733896683626,0.0034179687499999497,0.007163783482142804,0.019710120376275453
khanhha_noisy1,fusion_precision,24,24,0.1927373245575312,0.12963206176443284,0.12141996186389188,0.2762663549927,0.2782204515272244,0.14342629482071712,0.15612549800796813,0.41202066733067727,0.3595763801527848,0.3615819209039548,0.24369953388723378,0.47903325713853273,0.38556658010929823,0.288617692887783,0.24972764266033967,0.5250775690500934,0.01425316220238091,0.00413544323979585,0.007992408389136852,0.021322673356451907
khanhha_noisy1,fusion_reflectance,24,24,0.19670810477631956,0.1315076451732286,0.12402465245145727,0.28435614173757917,0.27606241699867196,0.1284860557768924,0.15487840305444886,0.4136039176626825,0.34786653784212745,0.2996482683982684,0.23327419310659206,0.46357818900095177,0.3838954785072322,0.2904109880328178,0.24914986662782515,0.5236706448020414,0.01659990167942172,0.00428491709183665,0.008847855548469346,0.025504598812181083
khanhha_noisy1,line_step_bic,24,24,0.15093935167065237,0.1400998833319628,0.10780826100862682,0.19899017763472374,0.2871845949535192,0.20617529880478086,0.17355577689243026,0.41226759628154047,0.4074363725314346,0.4085497835497835,0.3000411224265411,0.5113746623924862,0.09034463833086188,0.0678538642823696,0.05776208700650989,0.12851858303183686,0.42436290922619047,0.42234335140306123,0.4071732501594388,0.43915837086787846
khanhha_noisy1,ofs,24,24,0.20180191100696393,0.13016112211985315,0.1237822935840599,0.29126879033366987,0.2729083665338645,0.1374501992031872,0.15122841965471445,0.4103606407702522,0.33600359988313644,0.30742694805194803,0.22545246788951076,0.45042158941185134,0.39901592743505415,0.3699120879173278,0.2543045871100427,0.5435388917971673,0.008770793473639411,0.0008569834183673001,0.003743427302561603,0.014881035421981248
khanhha_noisy1,ofs_reflectance,24,24,0.20509066743848944,0.1317100498870853,0.12539160312086953,0.29792699213421,0.2713313413014608,0.13047808764940233,0.14798721779548468,0.4065405046480744,0.32208858120274636,0.26231157930798216,0.21325698263435727,0.4379518750948257,0.3965984930212774,0.37168659269809723,0.2581981933138498,0.5402814693710145,0.010618456366921722,0.0007772640306122,0.004502422306813305,0.017949484481292473
khanhha_noisy1,paired_profile,24,24,0.12710221488570914,0.11615501698442354,0.09405647862166464,0.16097193231321674,0.27382138114209825,0.21513944223107564,0.1666645916334661,0.3901913180610889,0.4098891386707592,0.3814231907452247,0.30785052151404935,0.5118714699058426,0.07251033904807018,0.06070491485297675,0.04834321463810432,0.0976412879147877,0.427648842740221,0.4316505899234694,0.4183643574617347,0.43643547629012547
khanhha_noisy1,phase_symmetry,24,24,0.20602260623066862,0.16614454124777406,0.14253791297177618,0.2789452500619296,0.32270916334661354,0.2679282868525896,0.20625415006640102,0.4471302290836653,0.45710649490499844,0.4612860151959678,0.34476692958671196,0.5708578097881986,0.11022983650521682,0.07145743072032926,0.06712724746418337,0.1645925878770261,0.32939967979379253,0.33279854910714285,0.32115268837026995,0.3374638771524234
khanhha_noisy1,verified_frangi_bic,24,24,0.2497055917209919,0.22397074850877463,0.17426085174032654,0.32920850707440585,0.375332005312085,0.25697211155378485,0.2337981407702523,0.522078353253652,0.37755445654876835,0.43301272763747406,0.26865260438399774,0.48464842055995017,0.22560657327994704,0.140515923500061,0.13336901488170644,0.3311391714892427,0.1500418526785714,0.154605787627551,0.12810125026573124,0.17159114500292297
khanhha_noisy1,verified_frangi_consensus,24,24,0.19089019455430184,0.13262315528775537,0.12001154305872212,0.27573920789562895,0.27739043824701193,0.12151394422310749,0.1521414342629482,0.41966093957503314,0.33614296553404815,0.29455185851318944,0.22300541050486197,0.452354849956537,0.38570382120087743,0.3079132959246635,0.24515441178809852,0.5290309521524856,0.013418599861819683,0.0047632334183672995,0.007688644305378349,0.019993850811809058
khanhha_noisy1,verified_frangi_ofs,24,24,0.1996913690308913,0.13352322798385904,0.12492234567939707,0.2902910767700273,0.27556440903054447,0.12350597609561745,0.15380146082337315,0.41077357237715795,0.32161786863808706,0.28487923946557037,0.2104043746641522,0.4371349116716773,0.3909453561839958,0.35275551676750183,0.24899449899482232,0.5393604246821875,0.012832330197704028,0.0036172672193877002,0.006714697597789067,0.020019572770514398
khanhha_noisy1,verified_frangi_v2,24,24,0.18257130425444415,0.1665367229237684,0.12941730342191754,0.23934153041799647,0.32735723771580344,0.22509960159362546,0.2002801294820717,0.4601614375830013,0.42112831890378316,0.457896152811407,0.31585693263093595,0.5248789405885455,0.21278974215965718,0.1317259147763252,0.12279219143868735,0.31552931751066354,0.11858009805484689,0.1256078603316326,0.0989029657273065,0.13894451945817385
khanhha_noisy2,black_tophat,24,24,0.23265206327236876,0.1943350399076596,0.17386201459835482,0.296197313245001,0.39865537848605576,0.35657370517928283,0.27166127158034525,0.5304635624169987,0.3508911492934303,0.34257122188156663,0.2764335133254429,0.42487927587409907,0.08977322552042699,0.06923259422183034,0.059409040039948464,0.12320117144263344,0.44794905266794216,0.46298030931122447,0.41735497299505736,0.4767286858591092
khanhha_noisy2,derivative_pair,24,24,0.08343229993061223,0.07673254840445409,0.06119413377025834,0.10753370286876551,0.12516600265604247,0.10956175298804774,0.07818517596281536,0.1815280544488711,0.3096108644317952,0.3169016127160923,0.23606134615369298,0.3843794547822511,0.08532014004110045,0.0604257900267839,0.04909970573595878,0.1316607281526861,0.29136439732142855,0.3088329081632653,0.26247616722470235,0.31212245396205357
khanhha_noisy2,frangi_relative,24,24,0.1589546495653167,0.106863269993091,0.10247072300656153,0.22079495590487933,0.26369521912350596,0.1025896414342629,0.13628610557768922,0.40845991035856555,0.25635331443858933,0.12382225617519735,0.14221959073939597,0.3774319143220275,0.13444593746680764,0.07133832946419716,0.07151660279778295,0.21132275612714382,0.08933304767219381,0.08791055484693874,0.06767013446003396,0.11230477054102886
khanhha_noisy2,frangi_similarity_historical,24,24,0.3848355733865154,0.34280138418206707,0.2670687517898216,0.5050669122708826,0.4568393094289509,0.4262948207171315,0.29988172310756966,0.6171169488711818,0.25691466522017803,0.2262889240576867,0.17342753860505253,0.34546940850233177,0.2628482513925216,0.16504950076341623,0.16067995583483327,0.37774012840309296,0.18197860198767002,0.18964245854591832,0.1599532354445684,0.20220938961522103
khanhha_noisy2,fusion_ofs_profile,24,24,0.20633314779608103,0.14569420302374655,0.1304644643670936,0.2969105822412559,0.2960657370517928,0.21215139442231068,0.17504772576361222,0.42870185922974763,0.34692493323575874,0.33790053198070025,0.2382368899674431,0.4549994380922527,0.4808292717983325,0.45758776366710663,0.34205168058785296,0.6214096834262213,0.010292105123299278,0.00234175701530605,0.0052230315954506406,0.01601969401041662
khanhha_noisy2,fusion_precision,24,24,0.2048231991400949,0.1443310814229413,0.12836075578165435,0.2934445939456289,0.2942397078353253,0.2141434262948207,0.16973771580345284,0.42895086321381143,0.34818393288638155,0.33790053198070025,0.23660409072354335,0.4556547453910932,0.47545782538751763,0.435777485370636,0.3346957548521459,0.6115498241037131,0.011192269876700639,0.0027702487244897498,0.00587631536989791,0.017272741616177673
khanhha_noisy2,fusion_reflectance,24,24,0.20694109984612347,0.1460922458380402,0.12854992707843368,0.2995685751711201,0.2838645418326693,0.13944223107569714,0.15894754316069054,0.42430901394422305,0.32408473412035904,0.2612421793534932,0.21837478800954363,0.4315771295425823,0.4584672225949665,0.4358428120613098,0.3195973275656191,0.6007684948310876,0.013460950786564577,0.0028101084183673,0.006761034491921711,0.02147796008051654
khanhha_noisy2,line_step_bic,24,24,0.1655169191979886,0.13765041315632331,0.11327699513400484,0.22474326049678778,0.29722775564409026,0.19322709163346607,0.18450987715803452,0.4234748505976095,0.39544492425312183,0.4307359307359307,0.31724441628501016,0.4730024143922447,0.08950907830148931,0.060212751850485746,0.05766328654911675,0.12527143876068292,0.5204978475765306,0.5501235650510203,0.49233188758902,0.5443638392857143
khanhha_noisy2,ofs,24,24,0.20943706997333345,0.1460087823619008,0.1305121568818353,0.30275773498355224,0.2910026560424967,0.20916334661354574,0.16882470119521908,0.42447086653386445,0.33393750380769616,0.33790053198070025,0.22763699196423468,0.4379788103180151,0.4979750948647658,0.5225458145141602,0.35545795656119783,0.6368214127607642,0.006830124627976161,0.0005281409438775,0.002679671722204481,0.011985602346407276
khanhha_noisy2,ofs_reflectance,24,24,0.21165568311734662,0.14754997492837502,0.1305934673025425,0.3061566750706364,0.2821215139442231,0.13745019920318718,0.1581984561752988,0.4185798472775563,0.31055588229148623,0.23997117095013185,0.20643320238523433,0.4187049878025782,0.4832575681017867,0.513606458902359,0.34039134458240977,0.626288861749587,0.008654536033163233,0.0006078603316326001,0.003305012190423009,0.014961605980282707
khanhha_noisy2,paired_profile,24,24,0.12014175101209892,0.10436638108274279,0.08704780632829735,0.15385191219743194,0.24236387782204516,0.18127490039840635,0.15081341301460824,0.34271455843293486,0.3812455121846877,0.41690037800268254,0.2962736184783092,0.4666632875121363,0.08054585219360884,0.0705357305705547,0.054282842797692826,0.10789162951017105,0.3588842275191326,0.3621352838010204,0.34677350310241284,0.37026425316220235
khanhha_noisy2,phase_symmetry,24,24,0.21995198778000563,0.1941493962111251,0.15455667581015145,0.2935508203706038,0.36520584329349265,0.34661354581673304,0.244679614873838,0.49136993691899067,0.48957137397763917,0.5107802244985585,0.3831120763919398,0.596058396317073,0.12021681449065602,0.0816288515925407,0.07417313014545164,0.17951775922362379,0.3127565967793367,0.31370575573979587,0.3059214066485969,0.31918316276705994
khanhha_noisy2,verified_frangi_bic,24,24,0.30785586252362024,0.30091562413922,0.21750651954018507,0.4005367880973286,0.4245517928286852,0.3117529880478087,0.27913346613545814,0.5746202689243027,0.36288545206749834,0.3718487394957982,0.2646557871689803,0.45845121504969155,0.25531287624229054,0.1552927233278751,0.15337091134254782,0.36723855189654075,0.14774659863945575,0.14886599170918358,0.12887944850791874,0.1660298665364583
khanhha_noisy2,verified_frangi_consensus,24,24,0.20182520642040935,0.14444583462605304,0.12513125153241778,0.2952066999853574,0.2846945551128818,0.13545816733067725,0.15894339309428945,0.4189927788844621,0.3146918366227253,0.2719955683003128,0.20582404897316514,0.4248949501012552,0.4637456374087681,0.4261370003223419,0.3172093201603275,0.6072856738678334,0.010614304315476145,0.00300940688775505,0.005815342494419593,0.01630595719733201
khanhha_noisy2,verified_frangi_ofs,24,24,0.20648199086111743,0.14600994286613939,0.12758643626471297,0.3004671428094648,0.28635458167330674,0.13446215139442225,0.1586964641434263,0.42322377158034524,0.3064248070777309,0.2474419968717414,0.20105181087383195,0.41455102056050486,0.47493325158332783,0.4901764839887619,0.3296587230637669,0.6221717663186912,0.009833718643707441,0.0025908801020407502,0.005018979027157698,0.015460786365327344
khanhha_noisy2,verified_frangi_v2,24,24,0.19720330336089492,0.18307372103760744,0.14150233109169957,0.2562553638123811,0.361304780876494,0.29482071713147406,0.22982237715803447,0.49734603253652054,0.41805155627176604,0.4531875080655568,0.30992985292530495,0.5208302156739519,0.2461055143503472,0.16170785576105115,0.14524478917398176,0.35974985178230173,0.09722360623937071,0.10123365752551014,0.08084287059550378,0.11380449152317175
khanhha_anchors_all_conditions,black_tophat,16,48,0.19852121607491238,0.19562893521632085,0.13937850002665605,0.26034729311147237,0.3488130810092961,0.30976095617529875,0.21231532204515272,0.4992955262284196,0.3943466086200246,0.4761904761904761,0.2696639440920548,0.5176861072966726,0.09485943857968471,0.07132770493626592,0.05379032540367914,0.14204939670162273,0.41742275523490646,0.4045061383928571,0.39184482081406774,0.4430066478495695
khanhha_anchors_all_conditions,derivative_pair,16,48,0.08423345048048106,0.06730427250347067,0.056588712792325725,0.1159877563808009,0.10673970783532534,0.11155378486055773,0.06810155212483397,0.14620787682602915,0.3579605662240339,0.38227513227513227,0.2657701501762352,0.4475331982104224,0.07107006401444471,0.05306889985998467,0.040280110672271476,0.10687168912263584,0.3593206081260629,0.36204892113095233,0.34766974416719804,0.36947735637223633
khanhha_anchors_all_conditions,frangi_relative,16,48,0.13068392552675898,0.09909176929047403,0.08506760671257553,0.18315112527240152,0.21663346613545814,0.09329349269588308,0.09893343293492693,0.35184470451527217,0.29888704524289295,0.1929824561403508,0.160442950595737,0.44646643154335497,0.11228907337257014,0.059238277375698034,0.054305093058307316,0.18234166303591334,0.08506889083758498,0.08743556016156456,0.05919970038796764,0.11139636396550803
khanhha_anchors_all_conditions,frangi_similarity_historical,16,48,0.37232757702711006,0.31217368815158136,0.22786462909607855,0.5227237597594315,0.43214641434262946,0.3847941567065073,0.24161479083665338,0.6270895584329347,0.2718585281960641,0.22019464720194648,0.15328681966944538,0.39324224119016205,0.23767435582218843,0.15586905181407923,0.1189767826872412,0.3773198041259699,0.1981425382653061,0.21603954081632654,0.16550824431335032,0.22781822567894344
khanhha_anchors_all_conditions,fusion_ofs_profile,16,48,0.16543431437525133,0.12301465175033106,0.10704151313358601,0.23946334252332976,0.28531706507304117,0.16699867197875162,0.14255063081009292,0.4478803535856573,0.3860487152010138,0.3010912698412698,0.22663496991579418,0.5462559887731206,0.4377787203993648,0.44343958112100756,0.2769485535662776,0.6023247478219369,0.014360285129676822,0.0057597257653060835,0.0070152853621917085,0.022723450952646624
khanhha_anchors_all_conditions,fusion_precision,16,48,0.1636862594798574,0.12097286388644167,0.10478505061665362,0.23697535004737674,0.2800049800796813,0.1626826029216467,0.13691069057104913,0.44177871845949523,0.38617760141092583,0.3055555555555555,0.22652178577754528,0.5466963037085211,0.4273826285886268,0.42955462758739793,0.2683152233871321,0.5928313281037844,0.015718005952380907,0.006806042729591784,0.00773064230575038,0.024928190270248677
khanhha_anchors_all_conditions,fusion_reflectance,16,48,0.16758200480812435,0.12121486374099814,0.10353464072614542,0.24484681920022464,0.27124833997343956,0.13944223107569717,0.12566193559096944,0.4389213977423637,0.3643362726860651,0.26785714285714285,0.2134941822385761,0.5220823856290197,0.41581716216993914,0.4233469863732656,0.2525227257124546,0.5865632572644851,0.018703330941751656,0.007802535076530567,0.009167573889907485,0.029398309616815423
khanhha_anchors_all_conditions,line_step_bic,16,48,0.15857090299887316,0.13868238597138957,0.10530983912335547,0.22616548632610303,0.2721613545816733,0.2048472775564409,0.15006432602921646,0.41782972277556435,0.41728021294932305,0.38095238095238093,0.2843517135817324,0.5476247878065804,0.10267855801309146,0.07769553611675895,0.05708904608618465,0.16085223503954085,0.39770051086840985,0.4067482461734694,0.3702470429089604,0.4233289342348267
khanhha_anchors_all_conditions,ofs,16,48,0.17549167503789057,0.12386018697428218,0.10801265396649662,0.26079379759407106,0.28100099601593626,0.16533864541832663,0.13487612051792824,0.44597236055776884,0.3720313590470461,0.2579365079365079,0.22021438677413657,0.5290748681816487,0.45512562387739314,0.45909055966573453,0.2910766959061826,0.6226861736317612,0.010099865141369012,0.0028001434948979166,0.0038646568246438855,0.01785261712106713
khanhha_anchors_all_conditions,ofs_reflectance,16,48,0.17902489543730307,0.12451118390813727,0.10678176990565386,0.27115238192856983,0.27311586985391767,0.11653386454183262,0.12703145750332004,0.441859644754316,0.34947952212932754,0.22062350119904076,0.20311408903393643,0.5041141342508261,0.4460832100791473,0.45429619681090117,0.2805208596141256,0.6148248114766753,0.01230626527954928,0.003138950892857083,0.004659131108498048,0.021375342129039077
khanhha_anchors_all_conditions,paired_profile,16,48,0.12777154713980193,0.1136498580451291,0.09217934988475977,0.16510972631054108,0.24946049136786186,0.2267596281540504,0.13308951693227092,0.3804386620185922,0.42099102105176445,0.40873015873015867,0.2812997760104155,0.5607383682660491,0.07797182394036398,0.0628389449169238,0.04628428864913677,0.11267845265780725,0.40900031887755095,0.40423044217687076,0.399589424392804,0.4182392250112935
khanhha_anchors_all_conditions,phase_symmetry,16,48,0.21512000455943342,0.1765987458295706,0.131161211194688,0.31725007162573804,0.3116699867197875,0.2941567065073041,0.17782723273572376,0.4655565239043824,0.4693529443456668,0.3896103896103896,0.3260981345509118,0.61841929348641,0.11911496849885828,0.07761919374267257,0.06093517110857644,0.1945750276606607,0.3234236321481717,0.3223885257227891,0.3132182114789275,0.3332371303013392
khanhha_anchors_all_conditions,verified_frangi_bic,16,48,0.25154249898119446,0.17977026941970797,0.1686077122031983,0.3412382329859795,0.36358731739707834,0.2835325365205843,0.20513778220451526,0.5361076527224434,0.3944728418323613,0.326797385620915,0.24912719215095963,0.5406660691666338,0.22630575850780588,0.16621622815728188,0.11021439214431057,0.36399598536215,0.13998641448767002,0.1384626116071428,0.11353862528898273,0.1655061682876275
khanhha_anchors_all_conditions,verified_frangi_consensus,16,48,0.15913874412796064,0.12138102625305887,0.10123644271763423,0.23262340256549313,0.27104083665338646,0.11354581673306768,0.12786147078353252,0.4373381474103585,0.34971918005155456,0.23088023088023082,0.19269993064822244,0.511323836889535,0.41972062787196285,0.4376807026565075,0.2534995274899605,0.589850017336236,0.01453342567495744,0.0065735278486394,0.007183754849596044,0.023165291507227848
khanhha_anchors_all_conditions,verified_frangi_ofs,16,48,0.17108193501724012,0.12436861030187825,0.10447743828425402,0.2581500818952499,0.2776394422310757,0.1128818061088977,0.12757304116865867,0.4530648240371845,0.3460114693141161,0.21342925659472423,0.19825784955840917,0.5022338847659672,0.4359813902216653,0.45152080307404197,0.26827574737059573,0.609785199452502,0.013972483524659815,0.004703443877550967,0.006690968623777584,0.02277288112510624
khanhha_anchors_all_conditions,verified_frangi_v2,16,48,0.17639169443921685,0.17182524184521733,0.12192074072241635,0.23481679940864775,0.31088147410358563,0.2430278884462151,0.17521580345285523,0.4669250083001328,0.4423837221017601,0.34610917537746805,0.2988217510293843,0.5871933008166578,0.20952862964865437,0.15821615358193714,0.10114387779807048,0.3463748781092969,0.10974162614264452,0.10913584183673466,0.08645963084941002,0.134177455772348
khanhha_hash_all_conditions,black_tophat,8,24,0.195354934688119,0.24491621246622589,0.12107469985155286,0.26209836175314066,0.4035524568393094,0.46613545816733065,0.2033511786188579,0.5972920816733065,0.40856307956930094,0.4597701149425287,0.28771481097925367,0.5146203425847253,0.07759867104080811,0.067841259141763,0.03702234742231665,0.11919578661521271,0.4331876793686224,0.4467607355442177,0.39388186915391155,0.47031727485916236
khanhha_hash_all_conditions,derivative_pair,8,24,0.08007764913571136,0.09246804718064273,0.040264641751435924,0.1263540645793721,0.15139442231075695,0.08200531208499333,0.0425755312084993,0.2990537848605578,0.23418633648835901,0.19668246445497628,0.12727383217262384,0.3443925475051726,0.09578103071544315,0.049515541332463366,0.026986103690190527,0.19517632924059086,0.3281798070790816,0.36066379676870747,0.23658389136904762,0.3860627258715986
khanhha_hash_all_conditions,frangi_relative,8,24,0.10058675063098002,0.059005021112288863,0.03481443911088483,0.17594169325850487,0.20493027888446214,0.029880478087649355,0.020584329349269556,0.4481428452855243,0.1945068945043999,0.06714060031595574,0.03575420659839935,0.38764798225721897,0.09123018663376567,0.03298977452019847,0.021811686855896035,0.17502164552667326,0.07098679315476186,0.07030917835884348,0.04975818452380948,0.09237448763685156
khanhha_hash_all_conditions,frangi_similarity_historical,8,24,0.38801528665570745,0.4691358199882196,0.2072669574682954,0.5732973653405,0.47302456839309426,0.45617529880478086,0.22052830345285523,0.7226925630810093,0.228056736670508,0.23165340406719714,0.1374485033987296,0.32804133486240733,0.27273239862794674,0.2634968558947245,0.11018769435662151,0.4389109954587184,0.18777154416454078,0.1862012383078231,0.1511254550648384,0.22629759911777209
khanhha_hash_all_conditions,fusion_ofs_profile,8,24,0.26704119922029557,0.1889531169931239,0.10906694529257399,0.4545987088514329,0.3177290836653386,0.19223107569721112,0.10732071713147408,0.5510665670650726,0.3303783530896785,0.3559322033898305,0.1798430096981745,0.4702342954666293,0.4466411695660403,0.579895630478859,0.2195504379206492,0.6494664578077693,0.006370907738095203,0.0025178039965986,0.002182318239795875,0.011877358365221052
khanhha_hash_all_conditions,fusion_precision,8,24,0.26674828025536435,0.19043598732920694,0.10792543015285994,0.4610147589894618,0.3176460823373174,0.19090305444887112,0.10607569721115537,0.5510603419654713,0.3330264644685073,0.3559322033898305,0.1805444346855405,0.47534154041722,0.4473356055871894,0.577674388885498,0.22207250932891232,0.6538357451887955,0.007153984640731246,0.00309909119897955,0.0026515000531462125,0.013068581924957433
khanhha_hash_all_conditions,fusion_reflectance,8,24,0.2670759858252679,0.19238811099341677,0.10874862208722344,0.4528112908087121,0.31930610889774236,0.19721115537848605,0.11263280212483398,0.5565322045152721,0.33713349193623665,0.37288135593220345,0.18446687747765816,0.4768348595632942,0.4434889690795293,0.5569856017827988,0.21830269975665337,0.6556634604930878,0.0073433181866496035,0.0031920971513604837,0.002796821853741446,0.013377120867878333
khanhha_hash_all_conditions,line_step_bic,8,24,0.15190606286981642,0.15113465475034615,0.07888127698984294,0.22544960312984838,0.3315903054448871,0.299136786188579,0.1405129482071713,0.5418326693227091,0.3987600654247645,0.43502824858757055,0.2648141844518232,0.5267228763836956,0.0919653204036876,0.07971100136637685,0.042027934570796746,0.1432497059334612,0.3813659252763605,0.38616403592687065,0.335521464445153,0.4217927893813775
khanhha_hash_all_conditions,ofs,8,24,0.27115377097887106,0.18919126839408698,0.10894625128097564,0.4607728345312439,0.31357901726427617,0.19422310756972108,0.10698456175298802,0.5473273572377155,0.3169718182575759,0.3559322033898305,0.17345302632320198,0.4501694760189053,0.4606337565928697,0.6051569432020187,0.23709710780531165,0.6742803978423276,0.003435407366071383,0.0005779655612244334,0.0004832987882652623,0.0076929209183672995
khanhha_hash_all_conditions,ofs_reflectance,8,24,0.2712694289406285,0.19102494647576088,0.10966715514142593,0.4580285568181464,0.3146580345285524,0.19853917662682594,0.11321381142098269,0.5497260956175297,0.31953475750406307,0.37288135593220345,0.1777249226717476,0.44607792106844774,0.4559430718751779,0.578229953845342,0.23522835715751475,0.6647378931442894,0.003559138499149621,0.0005779655612244667,0.00048745083971085397,0.007962804262329882
khanhha_hash_all_conditions,paired_profile,8,24,0.12458574407296037,0.15031964203803583,0.06651192510572557,0.18188319023087934,0.30112881806108893,0.26261620185922974,0.12275896414342627,0.4882158864541832,0.3792269449938389,0.35028248587570615,0.24409019931035467,0.4940073076183879,0.06965108929822839,0.06750054067621623,0.03172007777417695,0.10824918764992614,0.4131772826318027,0.4251468165391157,0.39376957692256587,0.43023901699351613
khanhha_hash_all_conditions,phase_symmetry,8,24,0.2140611993058399,0.23395692964403522,0.13147095634571657,0.29040192225826233,0.40562749003984055,0.39674634794156705,0.19761578685258963,0.6128818061088978,0.5025791282385328,0.5686274509803922,0.3475829790865466,0.6544164238417645,0.09934039181098338,0.09150376543402668,0.04693211223154014,0.15315332052608321,0.33620240088222786,0.3316492612670068,0.3285626262223639,0.34434872581845233
khanhha_hash_all_conditions,verified_frangi_bic,8,24,0.28130500170762085,0.35702228219500715,0.1431681339193686,0.41571991133509006,0.4479581673306773,0.4418990703851261,0.20119521912350596,0.7026145418326691,0.38337263663284066,0.43738977072310403,0.2513643349595413,0.4819951697606279,0.27517388279860217,0.24042257604499656,0.11147997538791968,0.4478398404122951,0.13011117532950678,0.1301385788690476,0.0991028247236394,0.16079529223798888
khanhha_hash_all_conditions,verified_frangi_consensus,8,24,0.2693572548889316,0.1891286059746121,0.10777055070108527,0.4578986248167701,0.3220451527224435,0.1875830013280212,0.10773572377158032,0.5709661354581673,0.3290186837222224,0.3559322033898305,0.17833870049227007,0.4711208705206565,0.4497311688222302,0.566725010673205,0.2179689731055987,0.661537192761898,0.007374873777636012,0.003467793367346883,0.0028350207270407875,0.013280897075627079
khanhha_hash_all_conditions,verified_frangi_ofs,8,24,0.27282779988980616,0.18821495921684075,0.11012464479681137,0.46759935959439963,0.31565405046480743,0.19389110225763612,0.10507968127490039,0.547476759628154,0.30604471358209656,0.3559322033898305,0.1699394168761062,0.42722162125665414,0.45029489278870943,0.5557829290628433,0.22224189048089707,0.6668585778485671,0.006489656409438729,0.002710459183673417,0.002174844547193829,0.012130031455941687
khanhha_hash_all_conditions,verified_frangi_v2,8,24,0.20811521119548707,0.21150169479278058,0.10692346421278244,0.31546048173926106,0.4031374501992032,0.40073041168658696,0.1702357237715803,0.6453353253652058,0.4137873793535859,0.4656084656084656,0.27428533400485167,0.5167448303168086,0.2713549515853325,0.24943396511177218,0.09807111990327633,0.44227007896794623,0.09356897055697275,0.08845198235544213,0.06399141687925167,0.12442701690051017
external_original,black_tophat,6,6,0.10095322316977313,0.07289312965195119,0.054385374965662626,0.1653544991412658,0.22576361221779548,0.22011952191235062,0.07337317397078354,0.402722443559097,0.43888252406113565,0.42997020008514264,0.14332340002838087,0.7344416480938906,0.0777480533967415,0.06356048770248886,0.04352861482960478,0.1227161033699909,0.30764376062925164,0.2788185586734694,0.2641701211734694,0.3618728741496598
external_original,derivative_pair,6,6,0.0516942678762024,0.04369898403579115,0.040950951783707605,0.06454079981436057,0.12416998671978748,0.1125498007968127,0.08499335989375827,0.1653469455511287,0.5537893703179932,0.6403397565922921,0.4498900241237405,0.6542280263122048,0.044670014331738096,0.0382027849555015,0.03543257464965177,0.056245636194944354,0.43133171237244894,0.434829400510204,0.4086183301445578,0.45072677508503395
external_original,frangi_relative,6,6,0.0656011168355514,0.0639543120961943,0.04367594954761259,0.08752628412349021,0.12051792828685255,0.1225099601593625,0.047144754316069036,0.19156706507304114,0.35499060476053185,0.3299985809564353,0.11718343503145545,0.6000143647202472,0.06834522852053238,0.060048723593354156,0.03539334672192727,0.10506932770367668,0.06414089073129249,0.029685507015306097,0.014289700255101997,0.11814081101190471
external_original,frangi_similarity_historical,6,6,0.20795091291092993,0.0925477035668046,0.04707076873994814,0.4823512341959619,0.27523240371845953,0.16235059760956175,0.05411686586985392,0.5942895086321381,0.19115108083818175,0.1360153256704981,0.04533844189016603,0.36069131072323923,0.1516213859043394,0.0845586694777011,0.0338225615366051,0.3393668895587325,0.16094015731292513,0.1729711415816326,0.13145394876700675,0.18728077168367344
external_original,fusion_ofs_profile,6,6,0.127400529240835,0.1390519823773138,0.0733912754444961,0.17784280908754635,0.38047808764940244,0.31772908366533864,0.1557104913678619,0.648406374501992,0.5522676708303259,0.6095848595848596,0.28806584362139914,0.7826286112571892,0.4259289279580116,0.3215328752994537,0.18057013054688772,0.7032687465349833,0.025387303358843483,0.01278499681122445,0.00766966943027205,0.04820033482142851
external_original,fusion_precision,6,6,0.12852450277517777,0.1375195578649407,0.07301881016308986,0.18018351013573922,0.3881142098273573,0.33964143426294824,0.16567065073041168,0.6583665338645418,0.5660277209747572,0.6187739463601533,0.28460634016189573,0.7986590451093494,0.4209587996204694,0.3216352164745331,0.17891927063465116,0.6983551159501076,0.028011399872448935,0.014508928571428551,0.008848852040816318,0.05249189519557818
external_original,fusion_reflectance,6,6,0.11974874054441421,0.12635013196327866,0.07114913383114824,0.16834834725768022,0.36586985391766264,0.28187250996015933,0.14907038512616197,0.6331341301460823,0.54570948463218,0.5890804597701149,0.270546503305124,0.7727773232618849,0.3994724377989769,0.27107819914817805,0.15516515076160428,0.675345259408156,0.030612244897959134,0.0192323022959183,0.010449883078231234,0.05516581632653054
external_original,line_step_bic,6,6,0.1297153830105031,0.13299507134663435,0.07754619526977462,0.186823549809779,0.3250332005312085,0.31274900398406374,0.16069057104913675,0.5186586985391758,0.5542317856616181,0.5876348091386405,0.3111666903173927,0.7822461501984077,0.13446807985504466,0.11846188083291051,0.07702928781509395,0.20508555074532828,0.15803704294217683,0.1364596619897959,0.10540970782844383,0.23627830038265304
external_original,ofs,6,6,0.1260893612933662,0.1387342117012079,0.07270623017734752,0.17760582043755832,0.3442895086321381,0.249003984063745,0.10690571049136786,0.6311420982735724,0.4586141436631633,0.4097476597476597,0.2391794029725064,0.6775145243282498,0.4215904598434766,0.30732086300849915,0.16647685070832566,0.7027667661507925,0.021600632440476133,0.00903818558673465,0.004507467049319683,0.050329506802721025
external_original,ofs_reflectance,6,6,0.11808004497151003,0.12256945642815835,0.0691942314226307,0.1702634639609756,0.32636122177954846,0.20816733067729082,0.08632138114209825,0.6201859229747676,0.403464969345632,0.3742017879948914,0.18151048610818724,0.6276247088873862,0.40414064625899,0.2647787183523178,0.15265200535456336,0.6908432841300964,0.02278313669217683,0.01098134566326525,0.0048097363945578,0.05235570790816323
external_original,paired_profile,6,6,0.1371669266763352,0.1464822103594082,0.08212706604249884,0.1915204344909559,0.34130146082337315,0.4123505976095617,0.1995102921646746,0.46679946879150064,0.6251415737508067,0.6030136937703987,0.4284151648455607,0.814497825142217,0.06239101663231845,0.061219951137900304,0.04863705796500043,0.07761715104182555,0.43926379145408156,0.4374900350765306,0.4327633397108843,0.44622595131802717
external_original,phase_symmetry,6,6,0.16478444907284512,0.1602323953068326,0.09153215939891667,0.2409400226961651,0.3618857901726427,0.3416334661354581,0.1786188579017264,0.5351925630810094,0.6629427532111403,0.7736625514403292,0.3810900944521634,0.8439250977377339,0.07644472496273612,0.07360841333866115,0.04165779481021062,0.1124801561236381,0.33790723320578225,0.342902981505102,0.31153340242346933,0.35930524553571425
external_original,verified_frangi_bic,6,6,0.12714741976197003,0.08297561819136445,0.05046022868468394,0.24044306132679974,0.2735723771580345,0.1583665338645418,0.054116865869853904,0.5740371845949536,0.2964737742036592,0.2568114091102597,0.09292981036276053,0.5185008779357437,0.17919356841593972,0.12527473270893094,0.07199762202799315,0.3165823916594187,0.07186370642006797,0.0714285714285714,0.055806893069727824,0.08924253295068023
external_original,verified_frangi_consensus,6,6,0.09267593471833281,0.0817431235796766,0.044978404480054905,0.1483910034114215,0.3376494023904382,0.25298804780876494,0.09096945551128817,0.6245019920318725,0.4400059373718377,0.42741592166879516,0.17543900685663139,0.7045728678870441,0.398419422407945,0.3206871449947357,0.11830560614665349,0.684007873137792,0.018391927083333284,0.01285475127551015,0.00786564625850335,0.03151573129251693
external_original,verified_frangi_ofs,6,6,0.09351303635574289,0.07340717585140874,0.042832688856339514,0.1558954821976106,0.3190571049136786,0.20119521912350596,0.07636122177954847,0.6148738379814077,0.39629469639423814,0.4315311480062437,0.14384371600208123,0.6393326878076333,0.38696304537976783,0.27351521700620646,0.09851442836225029,0.6947106925460201,0.018837026998299266,0.01138990752551015,0.0067827912414965665,0.03606637967687069
external_original,verified_frangi_v2,6,6,0.10230617956902927,0.08435243633447964,0.0497982736821621,0.1684248740904488,0.27656042496679945,0.18326693227091634,0.08764940239043822,0.5252324037184596,0.4376067798941738,0.3902411539328374,0.25325267808927937,0.6280848546315078,0.15729543846100566,0.1394350975751876,0.08101849475254609,0.24253352855642638,0.06494140624999997,0.06486168686224485,0.04888127125850339,0.08095835990646255
