cohort,map,baseline,physical_scenes,delta_ap_tol2_mean,delta_ap_tol2_median,delta_ap_tol2_ci95_low,delta_ap_tol2_ci95_high,delta_ap_tol2_share_positive,delta_precision_top_p01_mean,delta_precision_top_p01_median,delta_precision_top_p01_ci95_low,delta_precision_top_p01_ci95_high,delta_precision_top_p01_share_positive,delta_skeleton_recall_top_p01_mean,delta_skeleton_recall_top_p01_median,delta_skeleton_recall_top_p01_ci95_low,delta_skeleton_recall_top_p01_ci95_high,delta_skeleton_recall_top_p01_share_positive,delta_response_mass_near_gt_mean,delta_response_mass_near_gt_median,delta_response_mass_near_gt_ci95_low,delta_response_mass_near_gt_ci95_high,delta_response_mass_near_gt_share_positive,delta_active_fraction_010_mean,delta_active_fraction_010_median,delta_active_fraction_010_ci95_low,delta_active_fraction_010_ci95_high,delta_active_fraction_010_share_positive
pooled_original,black_tophat,frangi_similarity_historical,30,-0.1889961803833988,-0.13632907798870453,-0.27842783634644913,-0.10670283107630626,0.2692307692307692,-0.08751660026560425,-0.03386454183266929,-0.17457005312084997,-0.0031872509960159372,0.23333333333333334,0.20995810341951932,0.17751409774436083,0.11671149009458655,0.3114196569375877,0.7692307692307693,-0.13637580417562276,-0.05842213332653045,-0.2012307071406394,-0.07593938759838548,0.13333333333333333,0.1495236766581632,0.146305006377551,0.12941899513711733,0.16993600858312075,1.0
pooled_original,derivative_pair,frangi_similarity_historical,30,-0.27008565147329017,-0.2581520626963393,-0.3688727078059681,-0.17803117944735863,0.15384615384615385,-0.2962151394422311,-0.2729083665338646,-0.41288346613545823,-0.18220451527224438,0.2,0.11154965955487356,0.057398805573988014,0.008449651603670378,0.21894491350118728,0.6153846153846154,-0.15968771905172616,-0.06599095184355974,-0.23590365818895712,-0.09262199178299252,0.1,0.20770487882653058,0.2114955357142857,0.16598328882334182,0.24323057836415815,0.9666666666666667
pooled_original,frangi_relative,frangi_similarity_historical,30,-0.2541601040520706,-0.21919684778115653,-0.3550426867219242,-0.1566541738229568,0.15384615384615385,-0.24893758300132804,-0.19223107569721115,-0.3850630810092962,-0.12018260292164683,0.23333333333333334,0.041265895442980656,-0.006880733944954143,-0.0843255640443411,0.17011142523691422,0.4230769230769231,-0.14454138498598088,-0.06045770179480315,-0.2231871359448026,-0.07327425528686339,0.13333333333333333,-0.11008848852040819,-0.1194893973214286,-0.12906078935480442,-0.09054549651892008,0.03333333333333333
pooled_original,frangi_similarity_historical,frangi_similarity_historical,30,0.0,0.0,0.0,0.0,0.0,0.0,0.0,0.0,0.0,0.0,0.0,0.0,0.0,0.0,0.0,0.0,0.0,0.0,0.0,0.0,0.0,0.0,0.0,0.0,0.0
pooled_original,fusion_ofs_profile,frangi_similarity_historical,30,-0.15839346389385175,-0.0681166767499886,-0.2629623488038749,-0.05577445498733697,0.2692307692307692,-0.09169986719787518,-0.003984063745019917,-0.19987051792828686,0.012616201859229731,0.3,0.1714612500458739,0.1634517368462322,0.061949650174981816,0.2867900577285766,0.6538461538461539,0.21920325194951146,0.19718247523996985,0.1427043762352939,0.2989499513447906,0.7,-0.17694249574829932,-0.17638911033163263,-0.2037072172619048,-0.14887489370748302,0.03333333333333333
pooled_original,fusion_precision,frangi_similarity_historical,30,-0.15914318007708136,-0.06658952729956868,-0.26843955885702225,-0.05645208233635936,0.2692307692307692,-0.09282868525896415,-0.002988047808764882,-0.20212649402390442,0.011759628154050369,0.3,0.1782501028228118,0.17167698202180956,0.06737973082474606,0.2997000791678536,0.6538461538461539,0.20942825685100008,0.19454346969723707,0.13452134819643105,0.2871578670978003,0.6666666666666666,-0.17534013605442178,-0.17439612563775503,-0.20313157684948976,-0.14681134074723642,0.03333333333333333
pooled_original,fusion_reflectance,frangi_similarity_historical,30,-0.15974365342748653,-0.06665416630626725,-0.26444406521061853,-0.059558178113327497,0.2692307692307692,-0.09993359893758301,-0.00697211155378491,-0.2033897742363878,0.0017280876494023632,0.3,0.17166191667015335,0.1521876710454296,0.06606181593101433,0.28406124631572854,0.6923076923076923,0.1984782925263668,0.17344755306839948,0.12716147791380844,0.27291789375866454,0.6666666666666666,-0.1735843165391157,-0.17431640625,-0.20175822770514457,-0.1449821960034014,0.03333333333333333
pooled_original,line_step_bic,frangi_similarity_historical,30,-0.1969106850718213,-0.15164233271892794,-0.2906932633039237,-0.10924466759426317,0.23076923076923078,-0.11640106241699869,-0.01494023904382465,-0.21726427622841968,-0.01646580345285528,0.3,0.20210441756482156,0.12536636318283856,0.09755535965798989,0.31637118567352784,0.8076923076923077,-0.10675607707817107,-0.0406321063637733,-0.16407670637747893,-0.05411216671966638,0.16666666666666666,0.02567429315476189,0.03497688137755105,0.0016069601668792356,0.04870826357886903,0.7333333333333333
pooled_original,ofs,frangi_similarity_historical,30,-0.1489606217150568,-0.0676255999412416,-0.2556464973491736,-0.047439168580577167,0.3076923076923077,-0.09641434262948208,-0.002988047808764882,-0.20405378486055778,0.004980079681274893,0.3,0.14836747591805174,0.11017083201518502,0.05135271070805865,0.25642209488123335,0.6538461538461539,0.23580860871976864,0.22814253345131877,0.15746746955129007,0.31759260307318377,0.7333333333333333,-0.18071056547619052,-0.18736049107142855,-0.20772665218431124,-0.15320536710778065,0.0
pooled_original,ofs_reflectance,frangi_similarity_historical,30,-0.1496521169715152,-0.06757631695238084,-0.2542915985417395,-0.05059680105401093,0.3076923076923077,-0.10338645418326695,-0.004980079681274896,-0.20690571049136786,-0.005179282868525912,0.3,0.13257277754928315,0.10724864590385914,0.04655360051245064,0.2274084634164643,0.6538461538461539,0.22780620509292931,0.19488180615007877,0.15020842231189216,0.3109673784368594,0.7333333333333333,-0.17978249893707482,-0.18731066645408165,-0.20717786724064624,-0.15188428398703233,0.0
pooled_original,paired_profile,frangi_similarity_historical,30,-0.2102163086035946,-0.17225730470336653,-0.31066115874489153,-0.11396508678748445,0.23076923076923078,-0.11925630810092962,-0.05677290836653386,-0.23725431606905711,-0.0013927622841965724,0.3,0.21729355733647934,0.16259578544061304,0.10716721670329676,0.34244908076407676,0.7692307692307693,-0.15711562881090987,-0.058474836871027946,-0.2312084525231815,-0.08761300398987566,0.1,0.25211057079081634,0.24732940051020402,0.229650114928784,0.27544141289328233,1.0
pooled_original,phase_symmetry,frangi_similarity_historical,30,-0.13803680970444712,-0.10389196594979366,-0.22188223520629732,-0.06063610434462604,0.2692307692307692,-0.06938911022576362,-0.003984063745019899,-0.16321547144754317,0.020584329349269584,0.3,0.2785417716756698,0.196389782216204,0.18390176159478003,0.38324715110236507,0.8076923076923077,-0.12663678164438655,-0.062388443155214204,-0.18615557392283033,-0.07106133576094484,0.16666666666666666,0.1488380899234694,0.14691286670918363,0.12552588222789116,0.1736886991124574,1.0
pooled_original,verified_frangi_bic,frangi_similarity_historical,30,-0.1389968961528289,-0.04169917830193508,-0.21029571568971533,-0.07132435609133085,0.23076923076923078,-0.059694555112881804,-0.0019920318725099584,-0.13997509960159363,0.014941899070385095,0.26666666666666666,0.14401427204274989,0.14667572771548304,0.08947430776930093,0.20092052238432268,0.8076923076923077,0.0057068050295735395,0.0,-0.03050960295212766,0.04326471135078463,0.43333333333333335,-0.08724888392857144,-0.08750199298469385,-0.09799798044217688,-0.07625146152210885,0.03333333333333333
pooled_original,verified_frangi_consensus,frangi_similarity_historical,30,-0.16840293335792111,-0.06666515264061323,-0.2726229844954892,-0.06844492323276437,0.2692307692307692,-0.10544488711819389,0.0,-0.20996181938911024,-0.003517596281540524,0.3,0.13503232156676867,0.12972577880834757,0.044635675940937335,0.23403938378216796,0.6538461538461539,0.2038375883596018,0.180378844961524,0.12932678761659192,0.28370284675795115,0.6666666666666666,-0.17785262542517008,-0.17357900191326528,-0.20358823607568025,-0.1515009499893708,0.03333333333333333
pooled_original,verified_frangi_ofs,frangi_similarity_historical,30,-0.15784411331258358,-0.06584764232093335,-0.26079906709160516,-0.056491063604534174,0.3076923076923077,-0.10358565737051798,0.0,-0.20836653386454182,-0.007501660026560476,0.3,0.1183600519994906,0.10074616339426758,0.03406829716643735,0.20640980217788732,0.6153846153846154,0.2148711925605312,0.20832997187972074,0.13609195608548666,0.296242227308685,0.7333333333333333,-0.17827580250850342,-0.17790377869897958,-0.20534920413477895,-0.1516891873937075,0.0
pooled_original,verified_frangi_v2,frangi_similarity_historical,30,-0.1798114148629873,-0.09928769653735106,-0.26517426656385296,-0.10225074422283306,0.15384615384615385,-0.0903054448871182,-0.012948207171314813,-0.17783034528552455,-0.006240039840637478,0.3,0.1970616809119665,0.20750237416904083,0.13375365897536332,0.2602197832839035,0.8076923076923077,-0.010952017696884768,-0.0012527368962764532,-0.050760119923700886,0.02793988659085396,0.36666666666666664,-0.10067097151360546,-0.10207071109693874,-0.1129976981026786,-0.08762404668898813,0.03333333333333333
khanhha_original,black_tophat,frangi_similarity_historical,24,-0.21359572757607143,-0.19910726426533035,-0.3085429558457306,-0.12114010710890742,0.25,-0.09702855245683932,-0.03884462151394419,-0.19671314741035859,0.0002531540504647426,0.25,0.19862610147848894,0.17751409774436083,0.10396090464438436,0.3004841132263667,0.8,-0.15200142209262898,-0.08378735929727549,-0.22273957760771734,-0.08446846008785847,0.08333333333333333,0.15022869499362246,0.146305006377551,0.1298751727253401,0.1708515400789222,1.0
khanhha_original,derivative_pair,frangi_similarity_historical,24,-0.30423435340485894,-0.29151833646152553,-0.4047334862820793,-0.2079400685312901,0.1,-0.3325033200531209,-0.3784860557768924,-0.46041044156706507,-0.2065031540504649,0.125,0.03622307057739219,0.031010754648195398,-0.06318158370593402,0.14270643805106917,0.55,-0.1728718059215074,-0.10774309933185575,-0.25653394784894773,-0.09847640911757481,0.041666666666666664,0.19203320976828228,0.19027024872448983,0.1435060046968006,0.2354408108458227,0.9583333333333334
khanhha_original,frangi_relative,frangi_similarity_historical,24,-0.28770319644507836,-0.2571081803204683,-0.39027954051981634,-0.18511558058627497,0.1,-0.27249335989375834,-0.21713147410358563,-0.42745683930942896,-0.12848398074369197,0.20833333333333334,0.004493806899169799,-0.026111503175723343,-0.113738938052915,0.1357121081818274,0.4,-0.15985769188652435,-0.0837819762527943,-0.24649976882501504,-0.08266248681854146,0.08333333333333333,-0.11341079400510205,-0.1194893973214286,-0.13267097732647748,-0.09341696395355019,0.041666666666666664
khanhha_original,frangi_similarity_historical,frangi_similarity_historical,24,0.0,0.0,0.0,0.0,0.0,0.0,0.0,0.0,0.0,0.0,0.0,0.0,0.0,0.0,0.0,0.0,0.0,0.0,0.0,0.0,0.0,0.0,0.0,0.0,0.0
khanhha_original,fusion_ofs_profile,frangi_similarity_historical,24,-0.1817463879609788,-0.11502922742927794,-0.3018182657830856,-0.06322541681291706,0.2,-0.1409362549800797,-0.021912350597609542,-0.26460823373173975,-0.02223398074369206,0.25,0.11456464806199282,0.10760250445671546,0.00959972212529773,0.2262114199341241,0.6,0.2054271794234713,0.17577188834548,0.12156671720246474,0.29524401487433344,0.6666666666666666,-0.18728990619685373,-0.20356345663265313,-0.21826342109109267,-0.15511460077194947,0.041666666666666664
khanhha_original,fusion_precision,frangi_similarity_historical,24,-0.1830582110594801,-0.117693757204866,-0.303397510535007,-0.06409558371349316,0.2,-0.14425630810092963,-0.031872509960159404,-0.2655212483399734,-0.025479332669322733,0.25,0.11926214162868268,0.11509093855065414,0.01054595555482168,0.23490776744798028,0.6,0.19445096763471761,0.16549185290932658,0.11193861179247809,0.28355401589845614,0.625,-0.18594298070790818,-0.20343391262755106,-0.21681987736500852,-0.15399207290338013,0.041666666666666664
khanhha_original,fusion_reflectance,frangi_similarity_historical,24,-0.18120609774577776,-0.11551656388760743,-0.29796629872948244,-0.06326946596750159,0.2,-0.14757636122177956,-0.024900398406374452,-0.2680154382470119,-0.034113545816733086,0.25,0.11679297053299982,0.1261530974949221,0.01477492772571773,0.22493434712367752,0.65,0.18613510268429914,0.1632301919162274,0.10898622029926629,0.2725414231691199,0.625,-0.18439841757015307,-0.20343391262755106,-0.21495394544536564,-0.15194405276759146,0.041666666666666664
khanhha_original,line_step_bic,frangi_similarity_historical,24,-0.23251323162323967,-0.1949614826807016,-0.32811624939169676,-0.13881311692819684,0.15,-0.1579515272244356,-0.03884462151394426,-0.2710823373173971,-0.0506308100929615,0.20833333333333334,0.15381153138723708,0.12536636318283856,0.05142155438974103,0.2634749435644216,0.75,-0.12915676983539015,-0.0754979997873306,-0.19284843800220794,-0.06955201560146333,0.08333333333333333,0.03281864503613944,0.038404815051020405,0.010158139183407713,0.053336235617293754,0.7916666666666666
khanhha_original,ofs,frangi_similarity_historical,24,-0.16909034274430473,-0.0965767909389329,-0.2855512595848288,-0.05376043333494469,0.25,-0.13778220451527223,-0.02589641434262946,-0.2605473937583001,-0.021825199203187304,0.25,0.11263879984597283,0.10649376059828684,0.011832996361097277,0.22169158782713885,0.6,0.2272684924149265,0.22814253345131877,0.14251046139785709,0.3189307730916577,0.7083333333333334,-0.19105332562712585,-0.20400191326530615,-0.22102787770381588,-0.15942822929953238,0.0
khanhha_original,ofs_reflectance,frangi_similarity_historical,24,-0.16758649168114378,-0.09412086988289659,-0.28755876878782705,-0.05199142871801436,0.25,-0.14201527224435592,-0.01693227091633459,-0.26353129150066407,-0.02755436586985396,0.25,0.10865044426183304,0.10724864590385914,0.01051001260825791,0.20641930669237538,0.6,0.221627941277499,0.19488180615007877,0.13603685182364036,0.31358679609450824,0.7083333333333334,-0.1901888685161565,-0.20400191326530615,-0.2199476384792198,-0.15849356099861822,0.0
khanhha_original,paired_profile,frangi_similarity_historical,24,-0.2520460053142945,-0.21473315100211285,-0.35229170755129086,-0.15403295093589792,0.15,-0.16558764940239046,-0.11155378486055775,-0.2907619521912351,-0.0422456009296149,0.20833333333333334,0.15228447666363562,0.08393843210574368,0.04609178224956784,0.27437885415016017,0.7,-0.17408694369563213,-0.10025949962437154,-0.2566089404572267,-0.0972269116367291,0.041666666666666664,0.24555730495323128,0.22912348533163263,0.21996603206712373,0.2731004157033907,1.0
khanhha_original,phase_symmetry,frangi_similarity_historical,24,-0.1664979134643558,-0.13234435416075133,-0.2540957061407062,-0.0855697165795163,0.15,-0.10839973439575033,-0.06175298804780868,-0.21439450531208498,-0.00913014608233733,0.20833333333333334,0.22056680146648316,0.18623716688510264,0.13263952216659666,0.31825801057715647,0.8,-0.13950181182008237,-0.08693066984415054,-0.20454607491265053,-0.07833587027853356,0.08333333333333333,0.14180584343112246,0.12722217793367344,0.11463876322013179,0.17063361965880103,1.0
khanhha_original,verified_frangi_bic,frangi_similarity_historical,24,-0.15645491705398964,-0.0916953414591605,-0.23566245484603948,-0.08276166898034622,0.15,-0.074203187250996,-0.005976095617529875,-0.17214475431606904,0.01660234063745018,0.20833333333333334,0.1556217456459316,0.16225046675283644,0.08834836618475742,0.2276664081770024,0.8,0.0002404606590668349,-0.0002680085599422455,-0.043106272172493236,0.04514704001679396,0.3333333333333333,-0.0867919921875,-0.08750199298469385,-0.09781450544084823,-0.07506041234853317,0.041666666666666664
khanhha_original,verified_frangi_consensus,frangi_similarity_historical,24,-0.18434131990751834,-0.1051470335618001,-0.3044653590868448,-0.06504844612143297,0.2,-0.14741035856573706,-0.021912350597609515,-0.26900730411686585,-0.03295152722443558,0.25,0.10088556107670248,0.10989608243836682,0.008740612630041422,0.1932207879321621,0.6,0.19309747632360086,0.17613489367067814,0.11442757512995741,0.2806509459337879,0.625,-0.18667872422406462,-0.20335419323979595,-0.2166751576118729,-0.15526297433035716,0.041666666666666664
khanhha_original,verified_frangi_ofs,frangi_similarity_historical,24,-0.17086598433980257,-0.08034388287552931,-0.2912999336541668,-0.05136907777882665,0.25,-0.1404382470119522,-0.004980079681274924,-0.26195634130146084,-0.022823290172642813,0.25,0.09232498293252085,0.10074616339426758,0.003144280105751333,0.1798470051629498,0.6,0.2097535758318069,0.20832997187972074,0.1252636585360354,0.30009887859535705,0.7083333333333334,-0.1873189705569728,-0.20353356186224494,-0.21751540826291452,-0.15553646995907738,0.0
khanhha_original,verified_frangi_v2,frangi_similarity_historical,24,-0.20206141931931337,-0.14282860531199676,-0.2931799152056303,-0.12054097352361343,0.1,-0.11321381142098275,-0.02091633466135462,-0.2216965471447543,-0.0125290504648075,0.20833333333333334,0.18224347546875883,0.20090533479159067,0.1071031258547078,0.26443984145663557,0.75,-0.01510853526027252,-0.009371638298034703,-0.057936664652273345,0.027269251315738055,0.2916666666666667,-0.10183902662627553,-0.1045121173469388,-0.11563382310932185,-0.08610837767724278,0.041666666666666664
khanhha_noisy1,black_tophat,frangi_similarity_historical,24,-0.17543653573253531,-0.17180276434113717,-0.2654817998728866,-0.08899019426621384,0.25,-0.08092629482071713,0.0,-0.18069389110225764,0.01660649070385118,0.375,0.13578083131871416,0.1568287037037037,0.05651291593505941,0.21176918884176374,0.85,-0.15568711410742253,-0.05576791428029535,-0.23474871978299539,-0.08458124236591784,0.08333333333333333,0.26777742346938777,0.26775749362244905,0.24823035415338016,0.28852134237484056,1.0
khanhha_noisy1,derivative_pair,frangi_similarity_historical,24,-0.27948043930116034,-0.2577449661056054,-0.38894829740585574,-0.17659609210064078,0.1,-0.30826693227091634,-0.28087649402390436,-0.4410690571049137,-0.18093874501992036,0.16666666666666666,0.08541578417427512,0.06980519480519475,0.006446148068547889,0.17662130721619815,0.75,-0.15976003425506255,-0.07214445248246194,-0.24104799712949898,-0.08690550472529139,0.041666666666666664,0.16134539753401358,0.1534797512755102,0.12279171067841198,0.19606038826663474,0.9583333333333334
khanhha_noisy1,frangi_relative,frangi_similarity_historical,24,-0.2594209629853715,-0.20839757811374043,-0.36673429288489606,-0.15316605314424728,0.1,-0.23348273572377157,-0.09561752988047811,-0.381152473439575,-0.09902058432934928,0.20833333333333334,0.013545817849321462,0.010791366906474836,-0.08614398198734875,0.1159762074775839,0.5,-0.1440127710811794,-0.04452264867722986,-0.22711460066784642,-0.06983264532949154,0.08333333333333333,-0.13687569754464288,-0.1423788265306123,-0.15468230993569304,-0.11890256713036777,0.0
khanhha_noisy1,frangi_similarity_historical,frangi_similarity_historical,24,0.0,0.0,0.0,0.0,0.0,0.0,0.0,0.0,0.0,0.0,0.0,0.0,0.0,0.0,0.0,0.0,0.0,0.0,0.0,0.0,0.0,0.0,0.0,0.0,0.0
khanhha_noisy1,fusion_ofs_profile,frangi_similarity_historical,24,-0.1702158404268939,-0.1078421167780738,-0.2980882247254695,-0.036418578594056235,0.25,-0.14724435590969456,-0.022908366533864494,-0.254984229747676,-0.04108565737051794,0.20833333333333334,0.12553364582220738,0.089030872287753,0.04108097045543991,0.21648898808391837,0.7,0.15070930026316395,0.08530465699732304,0.07120473155033931,0.23648640120421374,0.625,-0.18998873963647964,-0.19879025829081637,-0.21706806624016797,-0.1613166653380102,0.0
khanhha_noisy1,fusion_precision,frangi_similarity_historical,24,-0.17111034063160227,-0.107954556874888,-0.2993243390575059,-0.036045543034054606,0.25,-0.1528054448871182,-0.040836653386454175,-0.2636972941567065,-0.049134711155378506,0.20833333333333334,0.1226089976619934,0.09454638124362894,0.04076770066946996,0.2075456899836957,0.7,0.14695921086240563,0.0795552525669336,0.06920611736325859,0.23004978009848856,0.5833333333333334,-0.1887373113307823,-0.19793327487244905,-0.2170033980389031,-0.15940867313722362,0.0
khanhha_noisy1,fusion_reflectance,frangi_similarity_historical,24,-0.16713956041281397,-0.10798957986968005,-0.29215914740800036,-0.033873720307973886,0.25,-0.15496347941567065,-0.03087649402390441,-0.2617052622841966,-0.055444887118193904,0.20833333333333334,0.1108991553513361,0.10372069317023444,0.039252170482915454,0.17978123820639452,0.7,0.1452881092603396,0.08603239292278884,0.07149154707731215,0.2242296818853598,0.625,-0.18639057185374153,-0.1977140465561225,-0.21537133041693235,-0.15629986613786143,0.0
khanhha_noisy1,line_step_bic,frangi_similarity_historical,24,-0.2129083135184811,-0.20763583647405848,-0.31088969781118164,-0.12358241539934908,0.25,-0.14384130146082338,-0.03884462151394419,-0.2484333499335989,-0.048804780876494015,0.25,0.1704689900406433,0.13296248694674273,0.10374806845723776,0.24336254332227905,0.85,-0.14826273091603073,-0.0573970042169094,-0.21958018243797903,-0.08109630826511424,0.08333333333333333,0.2213724356930272,0.2140365911989796,0.20349197906701744,0.24117946495004255,1.0
khanhha_noisy1,ofs,frangi_similarity_historical,24,-0.16204575418216957,-0.1077982170763145,-0.287659976314553,-0.030210164629063584,0.25,-0.15811752988047809,-0.016932270916334646,-0.27000539508632143,-0.05718791500664012,0.20833333333333334,0.09903621739234506,0.08245958934032324,0.029408093609574425,0.16788904678837238,0.7,0.1604085581881615,0.1064285542815924,0.07287131400128902,0.25204324021469804,0.625,-0.1942196800595238,-0.20742984693877548,-0.22085492400085036,-0.16523234049479169,0.0
khanhha_noisy1,ofs_reflectance,frangi_similarity_historical,24,-0.158756997750644,-0.10781740375126869,-0.2842708631500883,-0.031671093855483994,0.25,-0.1596945551128818,-0.007968127490039834,-0.2661977091633466,-0.05984395750332008,0.20833333333333334,0.085121198711955,0.07055482743556134,0.02262161315337266,0.14705196461098183,0.7,0.15799112377438482,0.07985210791230204,0.07654798048148832,0.24631430774773733,0.625,-0.19237201716624153,-0.20724051339285715,-0.22047494901280826,-0.16295199232036567,0.0
khanhha_noisy1,paired_profile,frangi_similarity_historical,24,-0.23674545030342437,-0.2517597480082718,-0.3421237203288871,-0.1325230501745107,0.25,-0.15720451527224436,-0.07768924302788852,-0.28087856905710495,-0.03319845617529886,0.25,0.17292175617996788,0.13596128288071418,0.08319955177677484,0.27832970206164936,0.75,-0.1660970301988224,-0.06228352710604669,-0.25116364130032404,-0.091301400155256,0.041666666666666664,0.22465836920705784,0.20937300701530615,0.20186333688748942,0.24909342032711523,1.0
khanhha_noisy1,phase_symmetry,frangi_similarity_historical,24,-0.15782505895846488,-0.10106349788063815,-0.24611648254003626,-0.07359457249908882,0.25,-0.10831673306772908,-0.04681274900398402,-0.20617944887118195,-0.012948207171314743,0.25,0.220139112414207,0.26183423606409395,0.14835934147693153,0.2913502134553287,0.9,-0.1283775327416758,-0.048939546570181805,-0.18748734319136323,-0.06953822846699041,0.125,0.12640920626062926,0.1185726243622449,0.10478087963701106,0.15001289211973856,1.0
khanhha_noisy1,verified_frangi_bic,frangi_similarity_historical,24,-0.11414207346814158,-0.09249844232948959,-0.1807621177934534,-0.053080077571807674,0.3,-0.05569389110225764,0.0,-0.13529631474103584,0.019671314741035843,0.3333333333333333,0.14058707405797696,0.16203628043798005,0.08433428491754226,0.19678207930559552,0.85,-0.013000795966945594,0.0,-0.04052758957744421,0.014663061127066609,0.4166666666666667,-0.052948620854591844,-0.05741788903061224,-0.061546938111181976,-0.042307618848320586,0.08333333333333333
khanhha_noisy1,verified_frangi_consensus,frangi_similarity_historical,24,-0.17295747063483166,-0.10788356153449749,-0.2998914249250887,-0.039454888166633645,0.25,-0.15363545816733068,-0.018924302788844542,-0.2606241699867198,-0.05378486055776895,0.20833333333333334,0.09917558304325678,0.11227610310179117,0.028950057233164406,0.1677185229689641,0.7,0.1470964519539848,0.06742421910166739,0.06942621972508883,0.23309518974371404,0.625,-0.18957187367134357,-0.19682716836734696,-0.21658549406090563,-0.16075119745163693,0.0
khanhha_noisy1,verified_frangi_ofs,frangi_similarity_historical,24,-0.16415629615824223,-0.10772362708089905,-0.29100741868333696,-0.03256673467733376,0.25,-0.15546148738379817,-0.012948207171314776,-0.268179365869854,-0.056438828021248375,0.25,0.08465048614729571,0.07960006354501763,0.021063568784793114,0.14685658673419527,0.7,0.15233798693710318,0.07337777689099315,0.07052910607405163,0.2406226810873098,0.625,-0.1901581433354592,-0.19863081951530615,-0.21754864543473643,-0.1609851240300808,0.0
khanhha_noisy1,verified_frangi_v2,frangi_similarity_historical,24,-0.18127636093468935,-0.1573122283829053,-0.2701487026835086,-0.0996509497689921,0.15,-0.10366865869853918,-0.027888446215139348,-0.19057519920318727,-0.016434262948207174,0.25,0.18416093641299186,0.2012666191334983,0.12485778842911353,0.24340587339027317,0.9,-0.02581762708723545,-0.005368717946112168,-0.0567673223578216,0.002700609113283768,0.2916666666666667,-0.08441037547831633,-0.0903220663265306,-0.09691666583625641,-0.06941488875823768,0.08333333333333333
khanhha_noisy2,black_tophat,frangi_similarity_historical,24,-0.1521835101141466,-0.08821175832642382,-0.2461665598806659,-0.06550052282969013,0.25,-0.0581839309428951,0.0,-0.1393613047808765,0.024327689243027764,0.375,0.0939764840732523,0.07572751322751327,0.03307789495937336,0.1545999853331214,0.7,-0.17307502587209456,-0.07992008980363605,-0.2580869162008943,-0.09329192333389076,0.041666666666666664,0.26597045068027214,0.27550023915816324,0.24108650051817607,0.2893640219759779,1.0
khanhha_noisy2,derivative_pair,frangi_similarity_historical,24,-0.3014032734559032,-0.2894221889557128,-0.4103507673825989,-0.19502141680248525,0.05,-0.33167330677290835,-0.3645418326693227,-0.4611595285524569,-0.20508590637450214,0.16666666666666666,0.05269619921161719,0.04229764138300719,-0.039087043004785035,0.1512005321667602,0.7,-0.1775281113514211,-0.05430295737460254,-0.2680279292891404,-0.09543694175881685,0.041666666666666664,0.10938579533375851,0.11883171237244901,0.07487880161830356,0.1397757809178359,0.9166666666666666
khanhha_noisy2,frangi_relative,frangi_similarity_historical,24,-0.22588092382119873,-0.13971738736046738,-0.33985856786973806,-0.12289845018247411,0.2,-0.19314409030544488,0.0,-0.3426336321381142,-0.0609208997343958,0.4166666666666667,-0.0005613507815887028,0.02697649572649574,-0.10233324223984787,0.09833818429402065,0.5,-0.1284023139257139,-0.03965400159358977,-0.21054665763319158,-0.053522611080794986,0.08333333333333333,-0.0926455543154762,-0.08935546875000006,-0.1116041949006165,-0.07383591009646048,0.041666666666666664
khanhha_noisy2,frangi_similarity_historical,frangi_similarity_historical,24,0.0,0.0,0.0,0.0,0.0,0.0,0.0,0.0,0.0,0.0,0.0,0.0,0.0,0.0,0.0,0.0,0.0,0.0,0.0,0.0,0.0,0.0,0.0,0.0,0.0
khanhha_noisy2,fusion_ofs_profile,frangi_similarity_historical,24,-0.17850242559043433,-0.13146497990438832,-0.31300225166635587,-0.03763306676213061,0.25,-0.16077357237715806,-0.047808764940239,-0.2698414674634794,-0.05967587981407706,0.125,0.09001026801558071,0.04530536155017596,0.004485508784360859,0.1792124097530937,0.55,0.21798102040581094,0.1803220063447952,0.13574644145337517,0.3052823132558842,0.7083333333333334,-0.17168649686437076,-0.18732063137755106,-0.19566920273968963,-0.14611797722018496,0.0
khanhha_noisy2,fusion_precision,frangi_similarity_historical,24,-0.18001237424642055,-0.13546845344090697,-0.31363442847403034,-0.037413671379407154,0.25,-0.16259960159362552,-0.047808764940239,-0.2682623671978752,-0.060341965471447566,0.125,0.09126926766620355,0.04530536155017596,0.004937853636531288,0.18103141545454812,0.55,0.21260957399499603,0.150419719517231,0.1329858478740789,0.2980379451609527,0.7083333333333334,-0.17078633211096939,-0.18704161352040818,-0.19437639924133718,-0.14626261393229167,0.0
khanhha_noisy2,fusion_reflectance,frangi_similarity_historical,24,-0.17789447354039195,-0.13528346746020997,-0.30909555550492795,-0.04227432538426236,0.25,-0.17297476759628158,-0.047808764940239,-0.2733254482071713,-0.07959827357237716,0.16666666666666666,0.06717006890018104,0.039883421729769504,-0.0024497026729950262,0.13435937046463264,0.55,0.1956189712024449,0.14924856275320053,0.120212744952975,0.2750267572514227,0.7083333333333334,-0.16851765120110543,-0.18672273596938777,-0.19264538823341837,-0.1424348999853848,0.0
khanhha_noisy2,line_step_bic,frangi_similarity_historical,24,-0.2193186541885268,-0.2073992602084178,-0.3174309375310895,-0.1304608792461757,0.15,-0.15961155378486058,-0.0239043824701195,-0.2652743193891103,-0.06357694223107574,0.3333333333333333,0.13853025903294386,0.10830784913353717,0.08037476308528375,0.2001899846549451,0.85,-0.17333917309103222,-0.078289661090821,-0.2527354344560687,-0.0981812949471836,0.041666666666666664,0.3385192455888606,0.3463508450255102,0.31635628006085253,0.3593311750969919,1.0
khanhha_noisy2,ofs,frangi_similarity_historical,24,-0.17539850341318197,-0.1198825722255973,-0.3101321859163284,-0.03866244902466655,0.25,-0.16583665338645417,-0.047808764940239,-0.26875830013280216,-0.07038512616201863,0.16666666666666666,0.07702283858751814,0.04530536155017596,-0.0019402804375728351,0.1607222111337584,0.55,0.23512684347224422,0.21199389768298718,0.14587589558456482,0.32737659144889525,0.7083333333333334,-0.17514847735969385,-0.18874561543367346,-0.19851163487856077,-0.1509697116151148,0.0
khanhha_noisy2,ofs_reflectance,frangi_similarity_historical,24,-0.17317989026916875,-0.11498695543233131,-0.30754958468596383,-0.03339875861643812,0.25,-0.1747177954847278,-0.047808764940239,-0.27565778552456843,-0.08332918326693235,0.16666666666666666,0.05364121707130827,0.03733084960602951,-0.011264602237107998,0.11673770836783025,0.55,0.2204093167092651,0.16126245260238647,0.13662323383177863,0.31175174749029483,0.6666666666666666,-0.17332406595450678,-0.1886459661989796,-0.197272185241284,-0.14863561513472578,0.0
khanhha_noisy2,paired_profile,frangi_similarity_historical,24,-0.26469382237441647,-0.23829023727665444,-0.37233466919088093,-0.16239625777252045,0.15,-0.21447543160690574,-0.20119521912350596,-0.3383134130146083,-0.08721572045152749,0.20833333333333334,0.12433084696450973,0.09540193219103171,0.0435277995558115,0.22563305058858676,0.75,-0.1823023991989127,-0.07848995458334679,-0.27116560480596186,-0.0995288664230126,0.041666666666666664,0.17690562553146258,0.1706094547193877,0.15863153366815474,0.19559782897534012,1.0
khanhha_noisy2,phase_symmetry,frangi_similarity_historical,24,-0.16488358560650979,-0.1357807768319794,-0.256564925122388,-0.07907685417692303,0.25,-0.09163346613545818,-0.026892430278884494,-0.17264276228419653,-0.013278137450199231,0.25,0.2326567087574612,0.24543795620437953,0.18287709325341345,0.28163479900845045,0.95,-0.14263143690186553,-0.06676516868174075,-0.20949894378742706,-0.08037568039726468,0.041666666666666664,0.13077799479166666,0.1164202008928571,0.11224948597603103,0.15055529536033163,1.0
khanhha_noisy2,verified_frangi_bic,frangi_similarity_historical,24,-0.07697971086289515,-0.015904610400602287,-0.12829653563721763,-0.02772326936404547,0.25,-0.03228751660026562,0.0,-0.09047144754316071,0.020752407038512583,0.2916666666666667,0.10597078684732034,0.10423077901269105,0.0705623434856171,0.14378122554159875,0.8,-0.007535375150231016,-0.0018255412578582209,-0.035406978663134706,0.022450210056073654,0.3333333333333333,-0.034232003348214274,-0.03922193877551015,-0.04264914583997661,-0.023657475685586724,0.08333333333333333
khanhha_noisy2,verified_frangi_consensus,frangi_similarity_historical,24,-0.18301036696610606,-0.13051554392378018,-0.31860809076898455,-0.04378623971289822,0.25,-0.1721447543160691,-0.04880478087649395,-0.27390438247011956,-0.07918119189907041,0.16666666666666666,0.0577771714025473,0.041063253293469104,-0.012215055240550268,0.12229604722367589,0.55,0.20089738601624654,0.15003769844770432,0.12087185446531899,0.28198466816538714,0.7083333333333334,-0.17136429767219388,-0.18671277104591838,-0.19481348569701318,-0.14670962379092262,0.0
khanhha_noisy2,verified_frangi_ofs,frangi_similarity_historical,24,-0.17835358252539799,-0.11511130926002094,-0.31184352860344783,-0.03641463310500038,0.25,-0.17048472775564413,-0.04880478087649395,-0.27233565737051796,-0.07885126162018595,0.16666666666666666,0.04951014185755286,0.041063253293469104,-0.01777536754664685,0.11334371966899928,0.55,0.21208500019080626,0.1754150092601776,0.13016345393649922,0.3006590231093772,0.7083333333333334,-0.17214488334396258,-0.18723094706632654,-0.1955442052309205,-0.14689027954931974,0.0
khanhha_noisy2,verified_frangi_v2,frangi_similarity_historical,24,-0.18763227002562047,-0.1271359129372222,-0.2753247812341653,-0.10434783339989472,0.2,-0.09553452855245685,-0.033864541832669445,-0.17114873837981412,-0.02481532204515274,0.20833333333333334,0.16113689105158807,0.16359879259760776,0.10729647064213399,0.21595075155027393,0.85,-0.016742737042174376,-0.004450580105185578,-0.05531770206871443,0.019940357548330196,0.2916666666666667,-0.08475499574829932,-0.0873923788265306,-0.09750027818744685,-0.06973339262462798,0.08333333333333333
khanhha_anchors_all_conditions,black_tophat,frangi_similarity_historical,16,-0.17380636095219767,-0.15465973575854072,-0.2929962424318069,-0.061277256207686294,0.23076923076923078,-0.08333333333333334,-0.02722443559096945,-0.20551336321381142,0.032709785856573595,0.3125,0.12248808042396044,0.07781649245063879,0.03388218688242944,0.22198569151206565,0.7692307692307693,-0.14281491724250375,-0.06189388409256934,-0.24411906886246773,-0.05608298513519308,0.0625,0.21928021696960037,0.21772693452380953,0.2036894610138978,0.23524836326132018,1.0
khanhha_anchors_all_conditions,derivative_pair,frangi_similarity_historical,16,-0.28809412654662897,-0.2549644179676122,-0.42735945712808987,-0.15330832708776265,0.15384615384615385,-0.32540670650730413,-0.30444887118193886,-0.499382677622842,-0.1576485723771582,0.1875,0.0861020380279697,0.026455026455026436,-0.01721425051752085,0.21623338452857047,0.6923076923076923,-0.16660429180774372,-0.07801485372086363,-0.27736357375106313,-0.07024622886650232,0.0625,0.1611780698607568,0.14197026466836737,0.1343369672087585,0.19101356973453448,1.0
khanhha_anchors_all_conditions,frangi_relative,frangi_similarity_historical,16,-0.24164365150035114,-0.15635334642903856,-0.37975873483610106,-0.11608997471666326,0.15384615384615385,-0.21551294820717132,-0.11520584329349272,-0.3884119770916335,-0.05822439409030546,0.25,0.02702851704682874,0.09785932721712536,-0.09423505943134065,0.1489067236137818,0.6153846153846154,-0.12538528244961833,-0.0411655865609646,-0.22806151160136026,-0.03507430632635083,0.125,-0.11307364742772111,-0.11355694621598642,-0.13502975775271048,-0.09078785383782421,0.0
khanhha_anchors_all_conditions,frangi_similarity_historical,frangi_similarity_historical,16,0.0,0.0,0.0,0.0,0.0,0.0,0.0,0.0,0.0,0.0,0.0,0.0,0.0,0.0,0.0,0.0,0.0,0.0,0.0,0.0,0.0,0.0,0.0,0.0,0.0
khanhha_anchors_all_conditions,fusion_ofs_profile,frangi_similarity_historical,16,-0.20689326265185873,-0.15294789850005613,-0.33555341708110303,-0.09275403503721455,0.15384615384615385,-0.14682934926958832,-0.012284196547144704,-0.2877687167994688,-0.013154672974767613,0.25,0.11419018700494969,0.11396011396011396,-0.0015613845827229347,0.24247671155885325,0.6153846153846154,0.20010436457717637,0.1319420027236144,0.10669691058295333,0.3045342365655717,0.6875,-0.18378225313562926,-0.20180630846088438,-0.21936365244339928,-0.14610036214192712,0.0
khanhha_anchors_all_conditions,fusion_precision,frangi_similarity_historical,16,-0.20864131754725268,-0.1529740508374213,-0.337653658948025,-0.09563315517317034,0.15384615384615385,-0.15214143426294824,-0.017264276228419653,-0.29087919156706504,-0.019505312084993377,0.25,0.11431907321486172,0.11375661375661378,-0.00016076363967570901,0.23910861761020571,0.6153846153846154,0.1897082727664383,0.1144837737083435,0.09546767135798291,0.29435525398973067,0.6875,-0.18242453231292519,-0.20059390943877553,-0.218246501481452,-0.14570916623485333,0.0
khanhha_anchors_all_conditions,fusion_reflectance,frangi_similarity_historical,16,-0.20474557221898568,-0.15293783398314026,-0.3287382878676376,-0.0948913306696201,0.15384615384615385,-0.1608980743691899,-0.008964143426294839,-0.29515375996015936,-0.04257449369189915,0.25,0.09247774449000098,0.11904761904761907,-0.00479829508554777,0.18475418292851073,0.6153846153846154,0.17814280634775062,0.11714593072732288,0.08931334154798001,0.2759243373834882,0.6875,-0.17943920732355442,-0.2005341198979592,-0.21589780016010313,-0.140939964242533,0.0
khanhha_anchors_all_conditions,line_step_bic,frangi_similarity_historical,16,-0.2137566740282369,-0.211606285003472,-0.33373585964245783,-0.1003166145466022,0.23076923076923078,-0.15998505976095617,-0.06341301460823369,-0.28823663678618855,-0.03299199037184597,0.25,0.14542168475325892,0.08715596330275226,0.05422826217160234,0.25104531240513545,0.8461538461538461,-0.13499579780909698,-0.0620146511743466,-0.226837443512098,-0.055615787694235544,0.0625,0.19955797260310376,0.1923828125,0.17618916829427086,0.22318223187712585,1.0
khanhha_anchors_all_conditions,ofs,frangi_similarity_historical,16,-0.19683590198921946,-0.1529631540301858,-0.3239393715936399,-0.08588935882859651,0.15384615384615385,-0.15114541832669323,-0.011952191235059747,-0.28996721447543156,-0.023693766600265658,0.25,0.10017283085098189,0.10703363914373083,-0.0007268961845744856,0.20378543496132295,0.6153846153846154,0.21745126805520462,0.1845021111269792,0.12078655630878833,0.3214369808516494,0.6875,-0.18804267312393708,-0.2077321162840136,-0.22309299391143175,-0.15222498056839923,0.0
khanhha_anchors_all_conditions,ofs_reflectance,frangi_similarity_historical,16,-0.193302681589807,-0.15294328238675803,-0.32346799917441504,-0.0850249788247359,0.15384615384615385,-0.15903054448871184,-0.004980079681274885,-0.29678162350597614,-0.04074950199203195,0.25,0.07762099393326333,0.10168650793650795,-0.010952109424415452,0.15594947860640324,0.6153846153846154,0.2084088542569589,0.15234499797224998,0.11317306145193318,0.31197733742083833,0.6875,-0.1858362729857568,-0.20770554315476192,-0.22061984522813033,-0.14666115897042414,0.0
khanhha_anchors_all_conditions,paired_profile,frangi_similarity_historical,16,-0.24455602988730812,-0.2514813035778703,-0.3813431813014251,-0.1122423021638951,0.23076923076923078,-0.1826859229747676,-0.15836653386454186,-0.35064222277556445,-0.01539674634794156,0.1875,0.14913249285570038,0.05291005291005291,0.032230445076613476,0.3030310576641146,0.6923076923076923,-0.15970253188182448,-0.06555580347776413,-0.2754274343966245,-0.06397103956648308,0.0625,0.21085778061224492,0.19733205782312924,0.18767707461402527,0.23693584000983203,1.0
khanhha_anchors_all_conditions,phase_symmetry,frangi_similarity_historical,16,-0.15720757246767667,-0.1007826734830173,-0.2720969163887247,-0.0542213669008569,0.23076923076923078,-0.12047642762284197,-0.05610889774236387,-0.24523157370517926,-0.0016589890438247254,0.1875,0.19749441614960275,0.15740740740740744,0.11525294220077936,0.28345511902287723,0.8461538461538461,-0.11855938732333016,-0.05863443637887636,-0.19399646310387958,-0.04861887294767562,0.125,0.12528109388286565,0.10570790816326534,0.09970075127218858,0.15507862324617347,1.0
khanhha_anchors_all_conditions,verified_frangi_bic,frangi_similarity_historical,16,-0.12078507804591557,-0.06603066981068705,-0.20436458580486955,-0.04444214205153116,0.23076923076923078,-0.06855909694555112,0.0,-0.17289384130146082,0.025484520252324006,0.3125,0.12261431363629721,0.12385321100917428,0.06003475658740539,0.19365865831676068,0.7692307692307693,-0.011368597314382597,0.0,-0.04708479466838375,0.02444125198817344,0.375,-0.05815612377763606,-0.06177256058673469,-0.06816270270315157,-0.04525504598812181,0.0625
khanhha_anchors_all_conditions,verified_frangi_consensus,frangi_similarity_historical,16,-0.2131888328991494,-0.15295637379457264,-0.3386973908378523,-0.09935220142529574,0.15384615384615385,-0.16110557768924302,-0.012616201859229714,-0.2954038014608234,-0.04116658366533869,0.25,0.07786065185549045,0.11640211640211641,-0.00817452361858663,0.15499161035865194,0.6153846153846154,0.18204627204977442,0.10176213954885799,0.09104193464942607,0.28702558465192857,0.6875,-0.18360911259034868,-0.19994618941326534,-0.2170218227671928,-0.1463334894504677,0.0
khanhha_anchors_all_conditions,verified_frangi_ofs,frangi_similarity_historical,16,-0.20124564200986994,-0.14350999034532044,-0.32674557194003406,-0.0885554701099293,0.15384615384615385,-0.1545069721115538,-0.005976095617529928,-0.2887263446215139,-0.03414674634794171,0.25,0.07415294111805203,0.11467889908256879,-0.012524169394940771,0.1488071201750704,0.6153846153846154,0.19830703439947686,0.1282518481214841,0.10244555657651896,0.3066695104401636,0.6875,-0.1841700547406463,-0.20194249574829934,-0.21855614071800597,-0.14664907650071748,0.0
khanhha_anchors_all_conditions,verified_frangi_v2,frangi_similarity_historical,16,-0.1959358825878932,-0.17023431516358467,-0.30409029545872174,-0.09043234574858829,0.15384615384615385,-0.12126494023904386,-0.03585657370517929,-0.23763798970783534,-0.00995808432934932,0.1875,0.17052519390569587,0.1851851851851852,0.10315751503092745,0.2455292641449575,0.9230769230769231,-0.028145726173534065,-0.0005600402752558344,-0.07482403444458517,0.014191684225443146,0.3125,-0.08840091212266157,-0.09195963541666664,-0.10011131649925598,-0.07099714214299001,0.0625
khanhha_hash_all_conditions,black_tophat,frangi_similarity_historical,8,-0.19266035196758846,-0.1796963816471997,-0.3370757877188317,-0.06605361486024972,0.2857142857142857,-0.06947211155378485,-0.06374501992031875,-0.17745683930942893,0.029465471447543166,0.375,0.18050634289879294,0.15955766192733015,0.10514705724344009,0.25973620300514194,1.0,-0.19513372758713862,-0.17464634900291762,-0.3135221619158983,-0.07152407275862069,0.0,0.24541613520408165,0.2387429581207483,0.20834911112882654,0.2826608670812075,1.0
khanhha_hash_all_conditions,derivative_pair,frangi_similarity_historical,8,-0.30793763751999614,-0.367465708065651,-0.44786372047921547,-0.1661695419818693,0.0,-0.3216301460823373,-0.3316733067729084,-0.484644754316069,-0.161769588313413,0.0,0.006129599817851038,0.03554502369668247,-0.13868023090119996,0.1382538646207986,0.7142857142857143,-0.17695136791250357,-0.08888559291760126,-0.3014172768453136,-0.06263696561412266,0.0,0.1404082629145408,0.16837731186224486,0.0338355862364477,0.2253376448235544,0.875
khanhha_hash_all_conditions,frangi_relative,frangi_similarity_historical,8,-0.28742853602472745,-0.23611260377772839,-0.45385052107152424,-0.13525871594177266,0.0,-0.2680942895086321,-0.1391102257636122,-0.5306274900398407,-0.039757636122177954,0.125,-0.03354984216610808,-0.09399684044233807,-0.21962322062391007,0.1692678312003994,0.2857142857142857,-0.1815022119941811,-0.1140834589799245,-0.31678916330468687,-0.06459626935732861,0.0,-0.11678475100977892,-0.11526759141156463,-0.14368967069249577,-0.09035528273809525,0.0
khanhha_hash_all_conditions,frangi_similarity_historical,frangi_similarity_historical,8,0.0,0.0,0.0,0.0,0.0,0.0,0.0,0.0,0.0,0.0,0.0,0.0,0.0,0.0,0.0,0.0,0.0,0.0,0.0,0.0,0.0,0.0,0.0,0.0,0.0
khanhha_hash_all_conditions,fusion_ofs_profile,frangi_similarity_historical,8,-0.12097408743541191,-0.0145184073658058,-0.38788328782512077,0.17094254898819353,0.42857142857142855,-0.15529548472775564,-0.11420982735723773,-0.32554158366533864,0.012541500664010469,0.125,0.1023216164191705,0.019747235387045797,-0.029133150602533655,0.24015195175425832,0.5714285714285714,0.17390877093809348,0.15652134517828625,0.0769701102806721,0.2699581396707799,0.75,-0.18140063642644558,-0.18420825361394555,-0.22054617745535715,-0.14081312945099916,0.0
khanhha_hash_all_conditions,fusion_precision,frangi_similarity_historical,8,-0.12126700640034313,-0.014520361905810165,-0.3889835373364199,0.17036650094848738,0.42857142857142855,-0.1553784860557769,-0.11122177954847279,-0.326195219123506,0.010375166002656047,0.125,0.1049697277979993,0.02132701421800946,-0.0295521264984679,0.24653341283580638,0.5714285714285714,0.17460320695924264,0.17174728214740753,0.08047003001168682,0.2677618112938944,0.75,-0.18061755952380953,-0.18374322385204084,-0.21971653529575894,-0.13988819771072494,0.0
khanhha_hash_all_conditions,fusion_reflectance,frangi_similarity_historical,8,-0.1209393008304396,-0.014515960814921436,-0.38566963811711247,0.16649831599826403,0.42857142857142855,-0.15371845949535193,-0.11254980079681276,-0.32805444887118196,0.014691235059760981,0.125,0.10907675526572864,0.02922590837282779,-0.018681987873473666,0.24672177936131898,0.5714285714285714,0.1707565704515825,0.16371872524420422,0.08217027317926599,0.2620842285454273,0.75,-0.18042822597789118,-0.1835871067176871,-0.22053214352147113,-0.14047220450680276,0.0
khanhha_hash_all_conditions,line_step_bic,frangi_similarity_historical,8,-0.236109223785891,-0.19670967913700163,-0.3873090441758217,-0.09906101735706066,0.0,-0.14143426294820716,-0.02290836653386453,-0.31449410690571056,0.008316733067728831,0.25,0.17070332875425648,0.11295418641390204,0.06470526911775946,0.2798332724592297,0.8571428571428571,-0.18076707822425914,-0.15572501594821608,-0.29339984842614897,-0.069502813841488,0.0,0.19359438111181976,0.19702978847789118,0.17087020355017007,0.21587028243914755,1.0
khanhha_hash_all_conditions,ofs,frangi_similarity_historical,8,-0.11686151567683642,-0.014517191720706632,-0.38742394048316825,0.1751941726397945,0.42857142857142855,-0.15944555112881806,-0.11586985391766266,-0.33989043824701193,0.008881142098273578,0.125,0.08891508158706793,0.020537124802527628,-0.030961692670248318,0.21746258080707256,0.5714285714285714,0.187901357964923,0.15956066735088825,0.08504233793743579,0.29604671884250516,0.75,-0.18433613679846939,-0.18578271152210885,-0.22412773703231292,-0.14426136665603745,0.0
khanhha_hash_all_conditions,ofs_reflectance,frangi_similarity_historical,8,-0.11674585771507899,-0.014510484678368532,-0.40156360152602744,0.17474757503105495,0.42857142857142855,-0.15836653386454186,-0.11819389110225761,-0.3368193891102258,0.012948207171314719,0.125,0.0914780208335551,0.030015797788309633,-0.022223796183821993,0.2097449559700926,0.5714285714285714,0.1832106732472312,0.16580239931742352,0.08410157617375566,0.28167129727080453,0.75,-0.18421240566539115,-0.18576278167517007,-0.22345861318160073,-0.14353623163132442,0.0
khanhha_hash_all_conditions,paired_profile,frangi_similarity_historical,8,-0.26342954258274703,-0.24294161242247617,-0.4163448317181599,-0.12363684945573794,0.0,-0.1718957503320053,-0.06673306772908365,-0.3231241699867198,-0.03485640770252328,0.125,0.15117020832333097,0.11463844797178131,0.03203509123295551,0.2521071230333521,0.8571428571428571,-0.20308130932971835,-0.18444421608000994,-0.3261703946181418,-0.07842751489564159,0.0,0.22540573846726192,0.21515930590986398,0.18578842059284653,0.2701748179740646,1.0
khanhha_hash_all_conditions,phase_symmetry,frangi_similarity_historical,8,-0.17395408734986753,-0.12983644415652323,-0.31539808959318333,-0.05823329857544587,0.14285714285714285,-0.06739707835325366,-0.04282868525896416,-0.1916542164674635,0.03768260292164674,0.375,0.2745223915680248,0.28991596638655465,0.17976728769786424,0.3619623722078584,1.0,-0.17339200681696337,-0.1596638336777687,-0.2830702072630326,-0.06161403050646194,0.0,0.14843085671768708,0.1466338488520408,0.1108772122130102,0.18775576636904762,1.0
khanhha_hash_all_conditions,verified_frangi_bic,frangi_similarity_historical,8,-0.10671028494808665,-0.06736825964881454,-0.21185764096499157,-0.017337722494845758,0.2857142857142857,-0.025066401062417004,-0.015936254980079667,-0.11106200199203188,0.07636329681274895,0.375,0.1553158999623327,0.16312997347480107,0.0794122168229366,0.2274545289295286,1.0,0.002441484170655421,-0.001838432004054399,-0.060838140547275536,0.07084456318989399,0.375,-0.05766036883503402,-0.06339684311224492,-0.071865616363733,-0.03733748870642006,0.125
khanhha_hash_all_conditions,verified_frangi_consensus,frangi_similarity_historical,8,-0.1186580317667759,-0.014543176150100234,-0.38899789718239886,0.17171056346328406,0.42857142857142855,-0.15097941567065074,-0.10889774236387781,-0.3302664342629482,0.02332544820717128,0.125,0.10096194705171446,0.019747235387045797,-0.03006652008199009,0.23752784358076437,0.5714285714285714,0.1769987701942834,0.17602835595607758,0.08291345964389621,0.2707378218571345,0.75,-0.18039667038690477,-0.1836203231292517,-0.22015702643362034,-0.1395313496492347,0.0
khanhha_hash_all_conditions,verified_frangi_ofs,frangi_similarity_historical,8,-0.11518748676590136,-0.014542346641005233,-0.38832367435906295,0.17419947506845923,0.42857142857142855,-0.15737051792828685,-0.11852589641434261,-0.33558681938911017,0.018343293492695867,0.125,0.07798797691158857,0.020537124802527628,-0.03697830893697592,0.19479888824444527,0.5714285714285714,0.1775624941607627,0.17344889355202517,0.08128913470233481,0.2714390099979936,0.75,-0.18128188775510207,-0.18420161033163268,-0.22090076264880953,-0.1410979186596514,0.0
khanhha_hash_all_conditions,verified_frangi_v2,frangi_similarity_historical,8,-0.17990007546022047,-0.15007752460673693,-0.3297649359203737,-0.05465903351611744,0.0,-0.0698871181938911,-0.03120849933598936,-0.1801128818061089,0.05154382470119523,0.25,0.18573064268307785,0.24929971988795518,0.0864402641000999,0.27555602258586903,0.8571428571428571,-0.0013774470426142216,-0.010284962753454847,-0.05856885404791684,0.05883212172969552,0.25,-0.09420257360756804,-0.09863945578231295,-0.12143504862882655,-0.06414919483418369,0.0
external_original,black_tophat,frangi_similarity_historical,6,-0.10699768974115674,-0.044197812594624,-0.32482296070289324,0.03657399891945563,0.3333333333333333,-0.049468791500664015,-0.014940239043824688,-0.21912350597609564,0.1205179282868526,0.16666666666666666,0.24773144322295396,0.11082730239818361,0.036942434132727874,0.5549907205680626,0.6666666666666666,-0.07387333250759791,-0.038622442632913596,-0.22211896670827025,0.02877817740469859,0.3333333333333333,0.14670360331632656,0.14151187818877553,0.09288305165816328,0.20205543154761904,1.0
external_original,derivative_pair,frangi_similarity_historical,6,-0.1562566450347275,-0.0409717439784994,-0.41902381095034696,-0.004083611254780135,0.3333333333333333,-0.15106241699867204,-0.0368525896414343,-0.4395750332005312,0.0627490039840637,0.5,0.3626382894798115,0.3763303533418475,0.1643666335556501,0.5609099454039729,0.8333333333333334,-0.10695137157260132,-0.03990560770034785,-0.2858759577696522,0.0037601053869972486,0.3333333333333333,0.27039155505952384,0.2772042410714286,0.2342155612244898,0.305311968537415,1.0
external_original,frangi_relative,frangi_similarity_historical,6,-0.1423497960753785,-0.05181934899754984,-0.41957582541777333,0.0345416001132556,0.3333333333333333,-0.15471447543160696,-0.08864541832669326,-0.49667994687915024,0.11719787516600262,0.3333333333333333,0.16383952392235016,0.07407407407407407,-0.1828051684373523,0.5119339939900699,0.5,-0.08327615738380705,-0.047463081777095795,-0.2851001266390086,0.06205644322714452,0.3333333333333333,-0.09679926658163264,-0.10191127232142855,-0.15011492878401358,-0.041806175595238075,0.0
external_original,frangi_similarity_historical,frangi_similarity_historical,6,0.0,0.0,0.0,0.0,0.0,0.0,0.0,0.0,0.0,0.0,0.0,0.0,0.0,0.0,0.0,0.0,0.0,0.0,0.0,0.0,0.0,0.0,0.0,0.0,0.0
external_original,fusion_ofs_profile,frangi_similarity_historical,6,-0.0805503836700949,-0.007479022802155705,-0.33224697859985824,0.08938617072961409,0.5,0.10524568393094287,0.10059760956175298,-0.03718459495351929,0.2649485391766267,0.5,0.361116589992144,0.23060344827586207,0.0910079939454141,0.6542404708442198,0.8333333333333334,0.2743075420536722,0.282534183585085,0.10131205036304898,0.44321225738773745,0.8333333333333334,-0.13555285395408165,-0.1554229113520408,-0.17479472257653064,-0.08724290497448983,0.0
external_original,fusion_precision,frangi_similarity_historical,6,-0.07942641013575215,-0.007279565661494895,-0.32675174601386264,0.09099513318445246,0.5,0.11288180610889775,0.10059760956175298,-0.050132802124834036,0.2622841965471448,0.5,0.3748766401365755,0.22844827586206898,0.09099661203348942,0.6730993163548945,0.8333333333333334,0.26933741371613,0.2748918697470799,0.10231216065585615,0.4355696210016807,0.8333333333333334,-0.1329287574404762,-0.15270248724489793,-0.17341624149659865,-0.08235344919217687,0.0
external_original,fusion_reflectance,frangi_similarity_historical,6,-0.08820217236651567,-0.004979559560818001,-0.33923153458964195,0.07865956731675841,0.5,0.09063745019920315,0.09163346613545817,-0.05378486055776901,0.22642762284196546,0.5,0.35455840379399844,0.19875478927203064,0.07585379121139017,0.6375766213963945,0.8333333333333334,0.24785105189463752,0.21358610840979964,0.08983712736517196,0.4167381083204714,0.8333333333333334,-0.130327912414966,-0.15196508290816324,-0.1729844281462585,-0.0787295386904762,0.0
external_original,line_step_bic,frangi_similarity_historical,6,-0.07823552990042681,-0.010589174006178093,-0.3023770749458177,0.06999108411609277,0.5,0.04980079681274899,0.023904382470119494,-0.11022576361221781,0.21646746347941567,0.6666666666666666,0.3630807048234364,0.1501968922945935,0.08972789839648072,0.6488570736936751,1.0,-0.01715330604929475,0.017348576337099096,-0.14662350011834255,0.08089687267784033,0.5,-0.002903114370748303,-0.01228675063775509,-0.0714086415816327,0.07315582482993198,0.5
external_original,ofs,frangi_similarity_historical,6,-0.08186155161756373,-0.002157138569207198,-0.3254342946457715,0.07945937143526159,0.5,0.06905710491367861,0.0338645418326693,-0.055776892430278883,0.1956424302788831,0.5,0.2674630628249815,0.1443965517241379,0.06407277328413981,0.518406831136904,0.8333333333333334,0.2699690739391372,0.24348522257059813,0.09409053332638002,0.4558175313674535,0.8333333333333334,-0.139339524872449,-0.1677295918367347,-0.18081021471088435,-0.08116098001700685,0.0
external_original,ofs_reflectance,frangi_similarity_historical,6,-0.08987086793941985,0.0012988751075625957,-0.3235061386866785,0.06419653759414562,0.5,0.05112881806108895,0.01693227091633465,-0.06308100929614878,0.1643426294820717,0.5,0.21231388850745017,0.11964759378552477,0.05211733125206942,0.4575774828056775,0.8333333333333334,0.2525192603546505,0.20094307791441682,0.08300255041103811,0.4445129794379075,0.8333333333333334,-0.1381570206207483,-0.16749043367346939,-0.18061091624149658,-0.07877604166666666,0.0
external_original,paired_profile,frangi_similarity_historical,6,-0.07078398623459471,-0.004872912846002154,-0.34454786025340906,0.12211982153905493,0.5,0.06606905710491366,0.05677290836653384,-0.19588313413014613,0.3250332005312085,0.6666666666666666,0.433990492912625,0.21913580246913578,0.18243578827870013,0.6937401741323309,1.0,-0.08923036927202095,-0.028131248429417555,-0.26933436995993065,0.024834568573472438,0.3333333333333333,0.27832363414115646,0.27736367984693877,0.24903672406462585,0.3076105442176871,1.0
external_original,phase_symmetry,frangi_similarity_historical,6,-0.043166463838084805,0.0573540434133446,-0.25618279456028253,0.09196909159038942,0.6666666666666666,0.08665338645418323,0.12549800796812743,-0.07602921646746351,0.2204515272244356,0.6666666666666666,0.47179167237295855,0.4545196537533703,0.20466747079135336,0.7389158739545637,0.8333333333333334,-0.07517666094160329,-0.02330566942691805,-0.2412185810972006,0.03519103280268612,0.5,0.17696707589285718,0.18837691326530615,0.1400304262329932,0.20679209183673466,1.0
external_original,verified_frangi_bic,frangi_similarity_historical,6,-0.08080349314895989,-0.0031099497580084016,-0.24399217936779768,0.008518089405919067,0.5,-0.0016600265604249838,0.00199203187250995,-0.030212483399734407,0.025232403718459463,0.5,0.1053226933654775,0.11976727685539948,0.04392836480959086,0.16486930894657584,0.8333333333333334,0.02757218251160036,0.021644873195327846,-0.03813856498648723,0.09175002718499552,0.8333333333333334,-0.08907645089285716,-0.08401426977040821,-0.12164182079081637,-0.061473612882653066,0.0
external_original,verified_frangi_consensus,frangi_similarity_historical,6,-0.11527497819259709,-0.011496659962639799,-0.34476754555708483,0.023457669044611457,0.5,0.06241699867197873,0.0099601593625498,-0.06772908366533868,0.21115537848605578,0.5,0.248854856533656,0.14332028125131568,0.06217671926484184,0.5286676363464358,0.8333333333333334,0.24679803650360557,0.2568515045568347,0.054316321581912595,0.44877809938043356,0.8333333333333334,-0.14254823022959184,-0.1610331632653061,-0.17649208120748297,-0.09948979591836737,0.0
external_original,verified_frangi_ofs,frangi_similarity_historical,6,-0.11443787655518702,-0.0117202300419404,-0.3341890122094169,0.016041784796706666,0.5,0.043824701195219085,0.0009960159362549237,-0.060092961487383835,0.15039840637450197,0.5,0.20514361555605634,0.11238825031928473,0.037462750106428244,0.44493276237698137,0.6666666666666666,0.23534165947542843,0.20967957656830546,0.04578514311773085,0.4496558019891381,0.8333333333333334,-0.14210313031462585,-0.162288743622449,-0.17702354379251703,-0.09649035395408168,0.0
external_original,verified_frangi_v2,frangi_similarity_historical,6,-0.10564473334190062,-0.006106934418075249,-0.31656795704021023,0.009403231088417568,0.3333333333333333,0.0013280212483399595,0.033864541832669307,-0.061752988047808766,0.05843293492695881,0.6666666666666666,0.246455699055992,0.26543209876543206,0.16927990946190177,0.3152728737301647,1.0,0.005674052556666244,0.0168368552112952,-0.110269397807618,0.09649253054521982,0.6666666666666666,-0.09599875106292516,-0.0839644451530612,-0.12705277423469388,-0.07455091411564627,0.0
