condition,map,n,nonempty_targets,ap_exact_mean,ap_exact_median,ap_exact_ci95_low,ap_exact_ci95_high,ap_tol2_mean,ap_tol2_median,ap_tol2_ci95_low,ap_tol2_ci95_high,precision_top_p01_mean,precision_top_p01_median,precision_top_p01_ci95_low,precision_top_p01_ci95_high,skeleton_recall_top_p01_mean,skeleton_recall_top_p01_median,skeleton_recall_top_p01_ci95_low,skeleton_recall_top_p01_ci95_high,response_mass_near_gt_mean,response_mass_near_gt_median,response_mass_near_gt_ci95_low,response_mass_near_gt_ci95_high,active_fraction_010_mean,active_fraction_010_median,active_fraction_010_ci95_low,active_fraction_010_ci95_high
noisy1,black_tophat,24,20,0.2068856452232924,0.20651363664035155,0.14573891158710636,0.2680394686433537,0.1884111294565982,0.18935355668655787,0.138710829675042,0.23839189924852905,0.35009960159362546,0.33665338645418325,0.229886703187251,0.47665795152722407,0.3727482138095055,0.4107142857142857,0.2733171726668313,0.47163165275108343,0.0829202551394701,0.06812011078000069,0.053168209331731005,0.11515741990491127,0.470767897002551,0.49269571109693877,0.44968336455676017,0.4912243901466837
noisy1,derivative_pair,24,20,0.07280895834855546,0.05624773604863914,0.048640980928184564,0.10009933382121576,0.0843672258879732,0.06875223250908502,0.05912295575764382,0.11220302517461578,0.1227589641434263,0.11752988047808766,0.07527805444887119,0.1835989375830013,0.32238316666506645,0.3363746958637469,0.24713176353196972,0.3967079881434629,0.0788473349918301,0.05106985941529274,0.04600932221122396,0.11891624165873499,0.36433587106717685,0.3750697544642857,0.3311633051658164,0.3853476180511268
noisy1,frangi_relative,24,20,0.1035138601967817,0.06169399593211275,0.05922100389905869,0.14819628491660075,0.10442670220376205,0.07698863484760601,0.07037758487635408,0.14122783181250825,0.197543160690571,0.049800796812749,0.10225348605577687,0.3125,0.2505132003401128,0.1209941137998692,0.14721846615376066,0.36738109220343307,0.09459459816571325,0.0432839747518301,0.05087593300074029,0.14285863714952324,0.0661147759885204,0.06960499043367346,0.04940251979698129,0.0844602831366922
noisy1,frangi_similarity_historical,24,20,0.3360706952148672,0.2778122907197582,0.21308730732516556,0.457926171378573,0.36384766518913353,0.32600980627828874,0.24798762301265798,0.4832102242271967,0.4310258964143426,0.350597609561753,0.2719912018592297,0.6016226759628152,0.23696738249079136,0.20589753516582784,0.16029167272769426,0.32216448400322356,0.23860736924689263,0.1489749476313591,0.14223436938094286,0.34495592644476947,0.20299047353316327,0.21061862244897958,0.17828834170386904,0.22795655127285294
noisy1,fusion_ofs_profile,24,20,0.18938447287114896,0.11141712222581754,0.1215455927459358,0.27278443663594537,0.19363182476223964,0.12982282228789305,0.12140183540502138,0.276687233721587,0.28378154050464804,0.149402390438247,0.16273655378486054,0.4249169986719786,0.3625010283129987,0.35934977804681195,0.24499283786059511,0.4768938760646182,0.38931666951005656,0.3077927976846695,0.25348247106885535,0.5364351697149684,0.013001733896683673,0.00341796875,0.007176198115965138,0.019645908900669636
noisy1,fusion_precision,24,20,0.1889890485620704,0.11195883100398278,0.11874803684185607,0.27243360140017053,0.19273732455753123,0.12963206176443284,0.12175823820561,0.28131683334376556,0.2782204515272244,0.14342629482071712,0.15811337981407703,0.4136163678618857,0.3595763801527848,0.3615819209039548,0.24413827661878187,0.4756229643518071,0.38556658010929823,0.28861769288778305,0.2571825789520517,0.5201143315838028,0.014253162202380954,0.004135443239795918,0.00789834366363733,0.02144559483949829
noisy1,fusion_reflectance,24,20,0.19376090666690282,0.11311402837837382,0.12253273078116543,0.282769985065396,0.1967081047763196,0.13150764517322866,0.12336170900612098,0.2813839381742586,0.276062416998672,0.12848605577689243,0.15521040836653385,0.41111180278884457,0.34786653784212745,0.2996482683982684,0.23144758016997663,0.4567690009141385,0.3838954785072322,0.29041098803281784,0.24356469219795449,0.5232062663572529,0.016599901679421766,0.0042849170918367345,0.00895501999627976,0.026133759167729587
noisy1,line_step_bic,24,20,0.15794432846092166,0.14321596339197068,0.11019247965886517,0.2137458679519658,0.15093935167065245,0.14009988333196285,0.10899232296145187,0.19905059372178513,0.2871845949535193,0.20617529880478086,0.1762097443559097,0.4071256640106241,0.4074363725314346,0.40854978354978355,0.30435478682746353,0.5106730217591134,0.09034463833086193,0.06785386428236961,0.05759904970570157,0.12892235431548513,0.42436290922619047,0.42234335140306123,0.4073201704998406,0.4394361223493303
noisy1,ofs,24,20,0.19092224424849402,0.11187983132215623,0.11812022170287828,0.27634373815011876,0.20180191100696399,0.1301611221198532,0.12506104438596696,0.2900224046833685,0.2729083665338645,0.13745019920318724,0.15908657038512616,0.4115537848605576,0.3360035998831364,0.30742694805194803,0.22700999771892044,0.4518899171259072,0.39901592743505415,0.3699120879173279,0.2561052153158622,0.540153795989075,0.008770793473639455,0.000856983418367347,0.003924415225074405,0.015102921051232992
noisy1,ofs_reflectance,24,20,0.1960705092484328,0.1129511564426291,0.12087748866292675,0.2810613167810258,0.20509066743848953,0.13171004988708535,0.12402958949402447,0.29720376177080926,0.27133134130146086,0.13047808764940239,0.15418949203187252,0.40797020252324023,0.3220885812027464,0.26231157930798216,0.21255611481151743,0.44143768255346766,0.3965984930212774,0.37168659269809723,0.26086975712605637,0.5473071106647542,0.010618456366921769,0.0007772640306122449,0.004184582768654336,0.017950480973639455
noisy1,paired_profile,24,20,0.13223378176040154,0.12543308873568174,0.09181910940171258,0.17970400768402703,0.12710221488570922,0.11615501698442363,0.09460810767007075,0.1595916246448407,0.27382138114209825,0.2151394422310757,0.16766268260292164,0.38920360225763606,0.4098891386707593,0.3814231907452247,0.3088681578815131,0.5125624311286061,0.07251033904807021,0.0607049148529768,0.048850856399318826,0.09861129123407106,0.427648842740221,0.4316505899234694,0.4185159073394983,0.43641729030479376
noisy1,phase_symmetry,24,20,0.19345475457528202,0.17191213223438076,0.1362063208217504,0.2627500729150524,0.20602260623066862,0.16614454124777406,0.14254685660835567,0.275496855157107,0.32270916334661354,0.2679282868525896,0.21165131142098273,0.452363462815405,0.45710649490499844,0.4612860151959678,0.3416361745281201,0.5701477432967424,0.11022983650521685,0.07145743072032928,0.06672873818994655,0.1641873733683799,0.32939967979379253,0.33279854910714285,0.3207973558075574,0.3373062860398065
noisy1,verified_frangi_bic,24,20,0.2508003272009165,0.22054187405429937,0.17082145295363255,0.33909300045484486,0.249705591720992,0.22397074850877471,0.1764801961082281,0.3267864540297577,0.375332005312085,0.25697211155378485,0.24033034528552458,0.52324244687915,0.37755445654876835,0.4330127276374741,0.26426866793430837,0.48406131138268177,0.22560657327994704,0.14051592350006104,0.13232090363938673,0.33242052783122433,0.15004185267857142,0.15460578762755103,0.12862505231584823,0.1711148216610863
noisy1,verified_frangi_consensus,24,20,0.18826985006257888,0.11379813565319481,0.11871816163164699,0.27248556159750004,0.1908901945543019,0.1326231552877554,0.12097430732794992,0.2727829363009099,0.277390438247012,0.12151394422310757,0.15702398738379814,0.41131100597609543,0.3361429655340481,0.29455185851318944,0.22300339790977267,0.45359506588345794,0.38570382120087743,0.30791329592466354,0.25030234560448056,0.5340350540277237,0.013418599861819728,0.004763233418367347,0.007648078762755102,0.019983699046024653
noisy1,verified_frangi_ofs,24,20,0.19224162060114516,0.11522863438523648,0.11868026626502037,0.2805048782116457,0.19969136903089132,0.13352322798385907,0.12453561356488287,0.28953308002979705,0.27556440903054447,0.12350597609561753,0.15362508300132802,0.41703809760956156,0.32161786863808706,0.28487923946557037,0.21569042156358054,0.43649119204102127,0.3909453561839958,0.35275551676750183,0.2551440369609433,0.5443682756352548,0.012832330197704083,0.003617267219387755,0.006725430650775935,0.020327592707004676
noisy1,verified_frangi_v2,24,20,0.1829021622612685,0.16714520710911474,0.1235987414423578,0.2441484761379372,0.18257130425444418,0.16653672292376848,0.12934064347726468,0.23832321496786332,0.32735723771580344,0.22509960159362546,0.195878984063745,0.4576713977423639,0.42112831890378316,0.45789615281140705,0.3135832752298085,0.5245157169130992,0.21278974215965718,0.13172591477632523,0.11920199847857778,0.3182726162796219,0.11858009805484694,0.12560786033163265,0.09784454553305696,0.1390171180776998
noisy2,black_tophat,24,20,0.25102374597233873,0.24077932421421025,0.1810241312591746,0.3280758291569967,0.23265206327236884,0.19433503990765966,0.17583154749958352,0.2981766172021395,0.39865537848605576,0.3565737051792829,0.26549634794156707,0.5318081839309429,0.3508911492934303,0.34257122188156675,0.27690112224447383,0.4196576860756497,0.08977322552042703,0.06923259422183037,0.058294390745383375,0.12231199933642828,0.44794905266794216,0.46298030931122447,0.4184153446534864,0.4774657580317283
noisy2,derivative_pair,24,20,0.07088360190972036,0.06243947206481609,0.04915281799937898,0.09478337950722648,0.08343229993061227,0.07673254840445415,0.06102072891769021,0.10710424430905519,0.1251660026560425,0.10956175298804781,0.07785524568393094,0.18135790172642763,0.30961086443179525,0.31690161271609235,0.24179240142542993,0.3816645551981869,0.08532014004110049,0.06042579002678394,0.04939749100691794,0.13082679472960687,0.2913643973214286,0.3088329081632653,0.2625425170068027,0.3112237839471726
noisy2,frangi_relative,24,20,0.1716223127141619,0.09191937532163955,0.10289469498153085,0.24770706859323155,0.15895464956531674,0.10686326999309101,0.10237897304811408,0.21775109491373862,0.26369521912350596,0.10258964143426295,0.13993608897742366,0.4009814907038513,0.2563533144385893,0.12382225617519735,0.1450803766815237,0.3752623085477758,0.13444593746680766,0.07133832946419716,0.07198639103153255,0.2104720846313284,0.0893330476721939,0.08791055484693877,0.06751503457828445,0.11166444116709183
noisy2,frangi_similarity_historical,24,20,0.359600375425784,0.3185696174895797,0.2414202648298637,0.48061612346392224,0.3848355733865154,0.34280138418206707,0.264879939183644,0.5136901277329158,0.4568393094289509,0.4262948207171315,0.3034632304116866,0.6150854913678616,0.25691466522017803,0.22628892405768675,0.17525004048639098,0.3440476280690839,0.2628482513925216,0.1650495007634163,0.15643915885035917,0.3677329451020341,0.18197860198767005,0.18964245854591838,0.16028199487802935,0.20255994731877125
noisy2,fusion_ofs_profile,24,20,0.19848988419592542,0.12361548306991435,0.12297203980873994,0.2838647290761055,0.2063331477960811,0.1456942030237466,0.12852012217450245,0.2989920918268407,0.29606573705179284,0.21215139442231074,0.174667994687915,0.43070841633466134,0.3469249332357588,0.33790053198070025,0.23977702197878673,0.4517314253554424,0.4808292717983325,0.45758776366710663,0.3392960402804116,0.6154392172427227,0.01029210512329932,0.0023417570153061226,0.005304972330729168,0.016297819176498723
noisy2,fusion_precision,24,20,0.1979350485882058,0.12340710131786194,0.125659343840386,0.29023716541107264,0.20482319914009492,0.14433108142294132,0.12992941141140993,0.29743779697154055,0.2942397078353254,0.21414342629482072,0.17479664674634793,0.4265500498007968,0.3481839328863816,0.33790053198070025,0.23919303490565655,0.4576815766576633,0.47545782538751763,0.435777485370636,0.33045542980544274,0.612505441578105,0.011192269876700682,0.0027702487244897957,0.005749470198235544,0.01754434806149022
noisy2,fusion_reflectance,24,20,0.20026892366129334,0.12520663288515693,0.12686056059455905,0.2902280980978457,0.20694109984612347,0.14609224583804026,0.13186378366779164,0.2984942335913869,0.28386454183266935,0.1394422310756972,0.16127158034528552,0.4197377158034528,0.3240847341203591,0.26124217935349325,0.21543244008865858,0.4326672307334466,0.4584672225949665,0.4358428120613098,0.3211508940866527,0.6060702953177193,0.013460950786564627,0.0028101084183673472,0.006901955117984694,0.021518816266741073
noisy2,line_step_bic,24,20,0.1635081129032847,0.1432075320935401,0.10668682335117591,0.2330071671032626,0.16551691919798864,0.13765041315632337,0.11254249888846285,0.22473408238264383,0.2972277556440903,0.19322709163346613,0.18400979415670649,0.42165504648074364,0.39544492425312183,0.43073593073593075,0.3178284008125861,0.4716685021017338,0.08950907830148935,0.0602127518504858,0.056775537300078824,0.12720378148175462,0.5204978475765306,0.5501235650510203,0.4933500951650191,0.5444226946149554
noisy2,ofs,24,20,0.2009203671625773,0.12372731463446707,0.12790846960824506,0.2918493176893349,0.2094370699733335,0.14600878236190082,0.12837934855170952,0.30289950853798486,0.2910026560424967,0.2091633466135458,0.16658159030544487,0.43319015604249667,0.33393750380769616,0.33790053198070025,0.23002444055245447,0.4427782356321677,0.4979750948647658,0.5225458145141602,0.35519082727842033,0.6355601223806541,0.006830124627976191,0.000528140943877551,0.0025890531994047614,0.011918173030931123
noisy2,ofs_reflectance,24,20,0.2035338058493014,0.1254160935047557,0.12380838674199501,0.29777870490491953,0.21165568311734667,0.14754997492837502,0.13054201734622276,0.29973537888827434,0.2821215139442231,0.13745019920318724,0.16259545152722443,0.41601718127490034,0.3105558822914863,0.23997117095013187,0.197545681185013,0.42057251922904326,0.4832575681017867,0.513606458902359,0.3331303334428715,0.62914786276912,0.008654536033163263,0.000607860331632653,0.003277463329081632,0.014923157983896674
noisy2,paired_profile,24,20,0.11674721066063669,0.10052789365213641,0.07899073943377004,0.15790380440505913,0.12014175101209897,0.10436638108274285,0.08801446025868342,0.1531963695454739,0.24236387782204516,0.18127490039840638,0.1493069389110226,0.338724269588313,0.3812455121846878,0.4169003780026826,0.29761250576214626,0.4601800700809717,0.08054585219360888,0.07053573057055473,0.05410755521734245,0.10776525747690656,0.3588842275191326,0.36213528380102045,0.3471497204838967,0.3705274309430804
noisy2,phase_symmetry,24,20,0.20972304650747664,0.2098382995464807,0.14860860322542183,0.2818846058972771,0.21995198778000566,0.19414939621112512,0.15466623417253172,0.29188345711026314,0.36520584329349265,0.3466135458167331,0.24194679614873835,0.4911271580345285,0.48957137397763917,0.5107802244985585,0.3845040706064937,0.5923340879061733,0.12021681449065606,0.08162885159254074,0.07157024337211623,0.1786311778395126,0.3127565967793367,0.3137057557397959,0.3061703013725021,0.31953459240141374
noisy2,verified_frangi_bic,24,20,0.30916743293770765,0.3276024811752375,0.20942008716256677,0.4093608122441954,0.30785586252362024,0.3009156241392201,0.21665292953262616,0.4047939958057187,0.4245517928286852,0.31175298804780877,0.28518218791500666,0.5649194887118193,0.36288545206749834,0.37184873949579833,0.2698828144641265,0.45881635482877847,0.25531287624229054,0.15529272332787514,0.1535830772908715,0.3546615255028882,0.1477465986394558,0.1488659917091837,0.13009689227253401,0.16615224825281674
noisy2,verified_frangi_consensus,24,20,0.19671423784470382,0.12346737095738261,0.12034051019932265,0.28468012012270943,0.2018252064204094,0.1444458346260531,0.1259890708240736,0.2905303964081445,0.28469455511288183,0.13545816733067728,0.16524526892430277,0.4232943227091629,0.3146918366227253,0.27199556830031285,0.2058664702280558,0.4232714112605586,0.4637456374087681,0.4261370003223419,0.31737152092585647,0.6069049171172083,0.01061430431547619,0.003009406887755102,0.005666304607780612,0.016269605986926013
noisy2,verified_frangi_ofs,24,20,0.20021089698567823,0.12503938410261062,0.12644968509439383,0.28605376711018377,0.20648199086111746,0.14600994286613944,0.12768811529299842,0.3061651075178757,0.2863545816733068,0.1344621513944223,0.16466425962815404,0.4210698871181938,0.3064248070777309,0.2474419968717414,0.20327372344726377,0.4116375191882289,0.47493325158332783,0.4901764839887619,0.32963692022021857,0.614566933363676,0.009833718643707483,0.002590880102040816,0.005017671130952381,0.015455513259991494
noisy2,verified_frangi_v2,24,20,0.19895966353123806,0.17276002962589154,0.13954995600035966,0.26105604599891064,0.19720330336089495,0.1830737210376075,0.14150788598409034,0.25607211137594815,0.361304780876494,0.29482071713147406,0.22742156374501993,0.4930299634794157,0.41805155627176616,0.45318750806555685,0.3151547380469204,0.5203050908594057,0.24610551435034722,0.16170785576105118,0.1421382656437345,0.35858840828780864,0.09722360623937076,0.10123365752551021,0.08128550003985971,0.11367785395408161
original,black_tophat,30,26,0.16357447339337278,0.16457606748816508,0.12036244198074324,0.20756664632469807,0.15497063614659162,0.16396548018989165,0.11908181278279523,0.18873177432284324,0.3270916334661354,0.29282868525896416,0.23412682602921647,0.43048638778220444,0.4661480880555529,0.4276519550909795,0.3563757268321189,0.5825099461460064,0.09124886471157273,0.07340871542692184,0.06302063229416187,0.12387028539087622,0.340981744260204,0.33547911352040816,0.32110891329187924,0.36213420426764453
original,derivative_pair,30,26,0.06520830292759291,0.05398545441791288,0.047821461856533055,0.0840773288871569,0.0738811650567003,0.06100074646556439,0.05559720187208522,0.09407845089506918,0.1183930942895086,0.10956175298804781,0.08366201859229745,0.16169322709163345,0.3677396441909072,0.3575837742504409,0.2912443912676287,0.4427346950675313,0.06793694983546933,0.04583960771560669,0.04331255233536164,0.09618216854675361,0.3991629464285714,0.41618502869897955,0.36612783003826527,0.4220777695843963
original,frangi_relative,30,26,0.0878744907449202,0.06562008233469663,0.06054686616288549,0.11711417828198607,0.08980671247791981,0.0678289256122837,0.0657296051099454,0.11572598806324452,0.1656706507304117,0.05677290836653387,0.09687583001328019,0.24583001328021245,0.29745588007901425,0.16737198476512907,0.18542919037415084,0.4098136835811842,0.0830832839012146,0.04746531322598457,0.053724823632898426,0.11635465275341024,0.08136957908163266,0.0791812818877551,0.06022210153592687,0.10360447890093537
original,frangi_similarity_historical,30,26,0.3212715613765192,0.2627563369749023,0.2154783870662312,0.4326565402360354,0.3439668165299905,0.29678070862016703,0.24238063011572217,0.4464807579886525,0.4146082337317397,0.3406374501992032,0.28119189907038517,0.5482370517928286,0.25618998463603354,0.22273542269337054,0.17761277327170796,0.33820669947825027,0.22762466888719549,0.1334434263408184,0.14217205683855963,0.3151725170072555,0.1914580676020408,0.194644850127551,0.16693754650297613,0.21491220902423466
original,fusion_ofs_profile,30,26,0.18996122175121222,0.14454369038913656,0.13505745634710917,0.25545799815015624,0.18557335263613872,0.14418716366928946,0.1308981494269418,0.24848045541070599,0.32290836653386457,0.27689243027888444,0.2111935590969455,0.44788512616201814,0.4276512346819074,0.4018959435626102,0.30942472170403756,0.5481093905333291,0.44682792083670697,0.40270601212978363,0.327079589337421,0.5635738953327138,0.014515571853741496,0.006387515943877551,0.008645085964073129,0.021898567044005095
original,fusion_precision,30,26,0.19118208683363067,0.14541255975807327,0.1350543990174009,0.25438280961846144,0.18482363645290908,0.14206187845907634,0.1333874831604514,0.25072789684355745,0.3217795484727756,0.28784860557768926,0.21028220451527224,0.43619853917662677,0.4344400874588453,0.4018959435626102,0.318452541158989,0.5495209994898814,0.4370529257381956,0.383716881275177,0.32030979634728285,0.5564187562651931,0.01611793154761905,0.007204639668367346,0.009419460166879253,0.02346531874468537
original,fusion_reflectance,30,26,0.18989483145819716,0.13845233397667667,0.13026400279193218,0.25341400734071723,0.18422316310250395,0.1428708695805353,0.13133855446376425,0.25023366192364865,0.31467463479415675,0.2729083665338645,0.20039508632138114,0.4355262284196547,0.42785190130618694,0.3986802894848872,0.3091123760562328,0.5496825525004202,0.4261029614135623,0.34301695227622986,0.30508116813066105,0.5498407943112155,0.01787375106292517,0.00759327168367347,0.010821857063137756,0.02546003069196427
original,line_step_bic,30,26,0.1583075100349107,0.15405581648565933,0.11977673343788821,0.2002272447679753,0.14705613145816915,0.14056628486203337,0.11434381988728362,0.1846556847118631,0.298207171314741,0.2788844621513944,0.2113545816733068,0.39110225763612216,0.45829440220085504,0.4681424719738896,0.34697616045621515,0.5661784885552529,0.12086859180902441,0.10630764439702034,0.08593248752101015,0.16333483413870756,0.2171323607568027,0.23295001594387754,0.18625373684630106,0.2475046835140306
original,ofs,30,26,0.18958295135613953,0.13519867876445849,0.12982676255567577,0.25987200724485776,0.1950061948149337,0.14707724813375803,0.13748818295211826,0.26667985414870327,0.31819389110225765,0.2400398406374502,0.20039840637450201,0.43745683930942897,0.40455746055408526,0.37420178799489145,0.2960062935784896,0.5205482349837416,0.4634332776069641,0.4331320524215698,0.34202761174800494,0.5860424039761225,0.010747502125850341,0.0025510204081632655,0.00503956074617347,0.018568073713860538
original,ofs_reflectance,30,26,0.18868556377021864,0.11791346038724748,0.12563396101423727,0.2628940773480727,0.19431469955847522,0.14537841674081486,0.13196055501925738,0.2673611558245144,0.3112217795484727,0.199203187250996,0.19899900398406375,0.4345351925630811,0.3887627621853166,0.3230404571725437,0.2816295591518031,0.5009482262815566,0.4554308739801248,0.43568840622901917,0.3308715629391372,0.5805153991778692,0.011675568664965988,0.0027004942602040817,0.005525815795068028,0.019652888499149656
original,paired_profile,30,26,0.15368736876071093,0.15505708903207105,0.11636758537522392,0.1903858602750074,0.13375050792639584,0.1427829655373091,0.10675166475356493,0.1608774226744571,0.2953519256308101,0.26195219123505975,0.20763280212483398,0.38687250996015926,0.4734835419725129,0.5136937703987512,0.36423022036886754,0.5813172003764296,0.0705090400762856,0.06167677789926529,0.05048394303147991,0.09194533137371762,0.4435686383928571,0.4476741868622449,0.4371495004251701,0.44962654788477896
original,phase_symmetry,30,26,0.2028215433876603,0.19418928544667335,0.15194236445217316,0.257817681153708,0.20593000682554333,0.18077368754557477,0.15586389475352658,0.26348729692579487,0.3452191235059761,0.33366533864541836,0.24216467463479413,0.4475448207171316,0.5347317563117033,0.6353330577468508,0.41940756935162893,0.6442138912985854,0.10098788724280894,0.07977129891514778,0.06810596951283515,0.14004742382521118,0.3402961575255102,0.3447265625,0.33174254955888605,0.3486968039168793
original,verified_frangi_bic,30,26,0.21767151064929385,0.1881841992546162,0.15890223486792718,0.27592523502655375,0.20496992037716152,0.18595613155796803,0.153204846211743,0.26045831781022766,0.3549136786188579,0.3187250996015936,0.23949203187250998,0.4781573705179282,0.40020425667878345,0.41333698230249954,0.29414683207626363,0.5002464456770227,0.23333147391676903,0.18280785530805588,0.15090528109731774,0.32798467384651303,0.10420918367346937,0.08109454719387754,0.08435335950786564,0.12329868861607143
original,verified_frangi_consensus,30,26,0.18127456958763055,0.12206309979166619,0.12132991106336917,0.2494504157397217,0.1755638831720693,0.11971032710476179,0.1188347748909738,0.24278898005215596,0.30916334661354583,0.17330677290836655,0.19309096945551132,0.43713313413014604,0.39122230620280224,0.3500732370788868,0.28002002344883653,0.5079657120731156,0.43146225724679726,0.3754664808511734,0.3084162761585321,0.55511248334699,0.013605442176870748,0.006845902423469387,0.008585246598639455,0.01907088714392007
original,verified_frangi_ofs,30,26,0.1864249183169107,0.12000294251935054,0.12024283052652525,0.26043997296668797,0.18612270321740684,0.12129386305467645,0.12419240331603552,0.2579801740907332,0.3110225763612218,0.16932270916334663,0.191273240371846,0.4405129482071713,0.37455003663552416,0.35418846341633536,0.2629471545866079,0.482163356223455,0.4424958614477267,0.42153213918209076,0.32023335461427144,0.5695141429954673,0.013182265093537414,0.004932637117346939,0.00794154575892857,0.019929282259778913
original,verified_frangi_v2,30,26,0.1757423245351622,0.1495675281638274,0.12971465446250463,0.22278420867042595,0.16415540166700313,0.1584153532608642,0.12159592075400123,0.20624204383958247,0.32430278884462155,0.28187250996015933,0.22129980079681275,0.4444920318725099,0.45325166554799995,0.43988323298668125,0.3530383524887156,0.5540083961695943,0.2166726511903107,0.15030453354120255,0.13934156918665394,0.30589383173113066,0.09078709608843538,0.07279376594387754,0.07305129278273811,0.10871062194409012
