representation,model,evaluation,held_out_domain,train_balanced_accuracy,n,balanced_accuracy,macro_f1,accuracy,chance_balanced_accuracy,recall_degraded,auroc_degraded,recall_neutral,auroc_neutral,recall_improved,auroc_improved,macro_auroc_ovr,frangi_activation_rate,hard_gate_mean_delta_iou,always_frangi_mean_delta_iou,oracle_positive_mean_delta_iou
mean,fixed_logistic,leave_domain_out,concrete3k,0.6152984742603641,3000,0.33679208244425635,0.30654851512972114,0.3253333333333333,0.3333333333333333,0.2203742203742204,0.47402983241133534,0.5763656633221851,0.5729909652876843,0.21363636363636362,0.45966070966070965,0.5022271691199097,0.237,-0.004505473052155449,-0.009691222538392056,0.017186109663734156
mean,fixed_logistic,leave_domain_out,facade390,0.5817125573205523,390,0.39974323062558353,0.27737918490251706,0.28974358974358977,0.3333333333333333,0.09803921568627451,0.5366856419987349,0.6428571428571429,0.6286945812807881,0.4583333333333333,0.5631210478771455,0.5761670903855562,0.39487179487179486,0.00038820643490544677,-0.016428867438774194,0.040762498642981836
mean,fixed_logistic,leave_domain_out,khanhha,0.6060480016600023,5085,0.34259190672621576,0.33752940728293074,0.3626352015732547,0.3333333333333333,0.2480889506601807,0.5372596011812616,0.43548387096774194,0.5135368746467138,0.3442028985507246,0.4633204505822949,0.5047056421367567,0.3697148475909538,-0.004930278252073136,-0.009132674407740448,0.013764900764687657
mean,fixed_logistic,leave_domain_out,road420,0.5836405426702959,420,0.3625398647786708,0.2271375587336546,0.2261904761904762,0.3333333333333333,0.19402985074626866,0.5269769872100684,0.7435897435897436,0.5959351234941787,0.15,0.5100694444444444,0.5443271850495638,0.14761904761904762,-0.006660085607134599,-0.013545974006050579,0.0555026401212655
mean,fixed_logistic,grouped_cv,all,0.5869953566234271,8895,0.5363197222302579,0.5333708590707392,0.5441259134345138,0.3333333333333333,0.5616063279586249,0.7224176846323671,0.5636363636363636,0.755033932346723,0.4837164750957854,0.6900080180026533,0.7224865449939145,0.29454749859471613,0.003673054077877746,-0.009849340569106186,0.018073224586996478
mean,tuned_logistic,leave_domain_out,concrete3k,0.5987400838035927,3000,0.3335925922882444,0.31803707068723114,0.332,0.3333333333333333,0.2806652806652807,0.4787802475663748,0.4882943143812709,0.5614000490884445,0.2318181818181818,0.46466847966847963,0.5016162587744329,0.268,-0.004790650256955722,-0.009691222538392056,0.017186109663734156
mean,tuned_logistic,leave_domain_out,facade390,0.5708323867314987,390,0.41170634920634924,0.27166245310990056,0.28205128205128205,0.3333333333333333,0.08333333333333333,0.5807769344296858,0.7142857142857143,0.6570197044334976,0.4375,0.5436427280939476,0.5938131223190437,0.36666666666666664,0.0006436704375504867,-0.016428867438774194,0.040762498642981836
mean,tuned_logistic,leave_domain_out,khanhha,0.5611758766778968,5085,0.32856069995882664,0.3129348324955356,0.31622418879056047,0.3333333333333333,0.35441278665740095,0.5378157715272041,0.2789142407553108,0.5416033059078578,0.3523550724637681,0.4543123086472338,0.5112437953607653,0.4121927236971485,-0.005604293128235083,-0.009132674407740448,0.013764900764687657
mean,tuned_logistic,leave_domain_out,road420,0.5852385093609503,420,0.3731109410213888,0.22056605289424044,0.22380952380952382,0.3333333333333333,0.21890547263681592,0.5329971148822099,0.7948717948717948,0.612961841308298,0.10555555555555556,0.48375000000000007,0.5432363187301693,0.1261904761904762,-0.007970869918112904,-0.013545974006050579,0.0555026401212655
mean,tuned_logistic,grouped_cv,all,0.5848950546578069,8895,0.5348765892757111,0.5316995696295245,0.5419898819561552,0.3333333333333333,0.5600851840584119,0.7194233258845745,0.5579545454545455,0.7533939482029598,0.48659003831417624,0.6885415452990414,0.7204529397955253,0.2957841483979764,0.003617608212301512,-0.009849340569106186,0.018073224586996478
mean,mlp8,leave_domain_out,concrete3k,0.6363087148003644,3000,0.33832029049420353,0.283321582508339,0.283,0.3333333333333333,0.14137214137214138,0.4641266433173947,0.2887402452619844,0.6005817457780491,0.5848484848484848,0.4498005698005698,0.5048363196320046,0.6383333333333333,-0.007621655573902606,-0.009691222538392056,0.017186109663734156
mean,mlp8,leave_domain_out,facade390,0.5921159731302645,390,0.4547930283224401,0.35770877024241204,0.3641025641025641,0.3333333333333333,0.22549019607843138,0.655044275774826,0.6666666666666666,0.6258894362342639,0.4722222222222222,0.6317468383017163,0.6375601834369354,0.34102564102564104,0.0033356489684099088,-0.016428867438774194,0.040762498642981836
mean,mlp8,leave_domain_out,khanhha,0.6064530968391509,5085,0.38156289154226203,0.3385864061353454,0.35555555555555557,0.3333333333333333,0.18763029881862406,0.5121465468835591,0.33477576711250984,0.5606673786791652,0.6222826086956522,0.5574666941522959,0.54342687323834,0.5470993117010816,-0.0031132906671497425,-0.009132674407740448,0.013764900764687657
mean,mlp8,leave_domain_out,road420,0.5637178637562291,420,0.365057192669133,0.27580118651199975,0.36904761904761907,0.3333333333333333,0.05970149253731343,0.5842704286785252,0.3076923076923077,0.521905915606703,0.7277777777777777,0.5775231481481482,0.5612331641444588,0.6666666666666666,-0.0015987646133274747,-0.013545974006050579,0.0555026401212655
mean,mlp8,grouped_cv,all,0.5899351124061931,8895,0.5389915470061722,0.535554383108109,0.5456998313659359,0.3333333333333333,0.5549132947976878,0.7325209227810069,0.5673295454545455,0.7528760306553911,0.49473180076628354,0.7113625285442584,0.7322531606602188,0.2919617762788083,0.003906508914215678,-0.009849340569106186,0.018073224586996478
mean,mlp32,leave_domain_out,concrete3k,0.6207606278229364,3000,0.3007843507843508,0.2621096255340969,0.259,0.3333333333333333,0.1386001386001386,0.4404079490784693,0.3076923076923077,0.5731303849520062,0.45606060606060606,0.4456332556332556,0.48639052988791037,0.5496666666666666,-0.00864861831785262,-0.009691222538392056,0.017186109663734156
mean,mlp32,leave_domain_out,facade390,0.588046339351413,390,0.3981676003734827,0.3043981262515687,0.31025641025641026,0.3333333333333333,0.16176470588235295,0.5364220957200085,0.5952380952380952,0.6026956759715381,0.4375,0.579127145438121,0.5727483057098892,0.3435897435897436,0.0006023398712377758,-0.016428867438774194,0.040762498642981836
mean,mlp32,leave_domain_out,khanhha,0.6283755502482121,5085,0.36457068274702314,0.35778340395914127,0.37404129793510327,0.3333333333333333,0.34746351633078526,0.5454845562664082,0.4020456333595594,0.5180857774987755,0.3442028985507246,0.49748658937926166,0.5203523077148152,0.3329400196656834,-0.0020932081375996726,-0.009132674407740448,0.013764900764687657
mean,mlp32,leave_domain_out,road420,0.6119506836789353,420,0.3662074244163796,0.35931495405179614,0.4380952380952381,0.3333333333333333,0.3781094527363184,0.5432199731933938,0.15384615384615385,0.5372501514233797,0.5666666666666667,0.5381018518518518,0.5395239921562084,0.5214285714285715,-0.003673011471398371,-0.013545974006050579,0.0555026401212655
mean,mlp32,grouped_cv,all,0.6445862519830692,8895,0.5382192772775646,0.5340320993341657,0.5430016863406408,0.3333333333333333,0.5552175235777305,0.7335103986785794,0.5536931818181818,0.7590128171247358,0.5057471264367817,0.7164991230573441,0.7363407796202197,0.30016863406408095,0.003932398794900364,-0.009849340569106186,0.018073224586996478
mean,mlp64,leave_domain_out,concrete3k,0.6504117124124075,3000,0.3178220786916439,0.28290746943324296,0.2836666666666667,0.3333333333333333,0.15661815661815662,0.4863440585983939,0.4180602006688963,0.578904373483546,0.3787878787878788,0.44855672105672106,0.504601717712887,0.44366666666666665,-0.0064100281016600345,-0.009691222538392056,0.017186109663734156
mean,mlp64,leave_domain_out,facade390,0.6352546989261086,390,0.4090608465608465,0.31650596433774353,0.3230769230769231,0.3333333333333333,0.16666666666666666,0.5534735399536159,0.5952380952380952,0.5782703886152162,0.4652777777777778,0.6386630532971996,0.5901356606220106,0.3435897435897436,0.007473377773596065,-0.016428867438774194,0.040762498642981836
mean,mlp64,leave_domain_out,khanhha,0.659626717572251,5085,0.34802092231244464,0.3433436431213736,0.3626352015732547,0.3333333333333333,0.3092425295343989,0.5322453004749367,0.4087332808811959,0.4918647879602235,0.32608695652173914,0.47657953631197464,0.5002298749157116,0.33411996066863325,-0.0016592747261507373,-0.009132674407740448,0.013764900764687657
mean,mlp64,leave_domain_out,road420,0.6371521001334889,420,0.3577624697027682,0.3500122113026231,0.4095238095238095,0.3333333333333333,0.3681592039800995,0.5947886140075876,0.20512820512820512,0.5019180294770845,0.5,0.5764351851851852,0.5577139428899525,0.4595238095238095,-0.0015344043869625881,-0.013545974006050579,0.0555026401212655
mean,mlp64,grouped_cv,all,0.6499513814710667,8895,0.5478011184310753,0.543967589863907,0.5535694210230466,0.3333333333333333,0.580164283541223,0.7360403040204636,0.5565340909090909,0.7590786997885834,0.5067049808429118,0.725997212695743,0.7403720721682635,0.28802698145025296,0.005152325436926659,-0.009849340569106186,0.018073224586996478
multiscale_mean,fixed_logistic,grouped_cv,all,0.6008915561867683,8895,0.5423703556631535,0.5393168987047358,0.5499718943226531,0.3333333333333333,0.5655613020991785,0.7287438855874111,0.5701704545454546,0.7608451902748414,0.49137931034482757,0.6988120607195546,0.729467045527269,0.28881394041596403,0.004247688845550642,-0.009849340569106186,0.018073224586996478
multiscale_mean,tuned_logistic,grouped_cv,all,0.5923773022176277,8895,0.5403704740847273,0.5374908044104861,0.548397976391231,0.3333333333333333,0.5673866747794342,0.7285968977344287,0.5676136363636364,0.7602436575052854,0.4861111111111111,0.7020004410042175,0.7302803320813105,0.285778527262507,0.004052287370520949,-0.009849340569106186,0.018073224586996478
multiscale_mean,mlp8,grouped_cv,all,0.6073054228378794,8895,0.5480695831982706,0.5444470776396285,0.5542439572793705,0.3333333333333333,0.5606936416184971,0.7314046396841922,0.5758522727272727,0.7606558668076111,0.5076628352490421,0.7182878356008323,0.7367827806975452,0.28802698145025296,0.004635120252973369,-0.009849340569106186,0.018073224586996478
multiscale_mean,mlp32,grouped_cv,all,0.6482663555136421,8895,0.5469377737877995,0.5418838292890564,0.5501967397414278,0.3333333333333333,0.5756008518405841,0.7381611713806215,0.5431818181818182,0.7647200845665961,0.5220306513409961,0.7252194397023123,0.7427002318831767,0.3069139966273187,0.004660180865024491,-0.009849340569106186,0.018073224586996478
multiscale_mean,mlp64,grouped_cv,all,0.6694063149609264,8895,0.5460343228380585,0.5402940540126361,0.54761101742552,0.3333333333333333,0.5597809552783694,0.7336463197214462,0.5443181818181818,0.7625301268498943,0.5340038314176245,0.7216809577924911,0.7392858014546105,0.3156829679595278,0.004202257447719081,-0.009849340569106186,0.018073224586996478
pre_global_mean,fixed_logistic,grouped_cv,all,0.6362030191715753,8895,0.5226405199064276,0.5197109051060488,0.530185497470489,0.3333333333333333,0.5415272284758138,0.7076248856972112,0.5536931818181818,0.7447145348837209,0.47270114942528735,0.6835041908065115,0.7119478704624812,0.29387296233839233,0.0030854888891296934,-0.009849340569106186,0.018073224586996478
pre_global_mean,tuned_logistic,grouped_cv,all,0.6041071646118057,8895,0.5231515697505674,0.5200893309697335,0.5302979201798763,0.3333333333333333,0.5515667782172193,0.7109296576189347,0.54375,0.7516905126849894,0.47413793103448276,0.6919430049188715,0.7181877250742653,0.2955593029792018,0.0032251515410591774,-0.009849340569106186,0.018073224586996478
pre_global_mean,mlp8,grouped_cv,all,0.6144493784816037,8895,0.5383379399241587,0.5354948987312934,0.5465992130410343,0.3333333333333333,0.5704289625798601,0.7340955562634457,0.5627840909090909,0.7560005549682876,0.4818007662835249,0.7133956297523341,0.7344972469946892,0.283867341202923,0.004593290731469072,-0.009849340569106186,0.018073224586996478
pre_global_mean,mlp32,grouped_cv,all,0.6527156567223085,8895,0.5425387236029081,0.5383917626066607,0.5477234401349073,0.3333333333333333,0.5795558259811379,0.7347766804517168,0.54375,0.7590716173361522,0.5043103448275862,0.7144640870030682,0.7361041282636457,0.29398538504777966,0.004644235542038986,-0.009849340569106186,0.018073224586996478
pre_global_mean,mlp64,grouped_cv,all,0.6882669458439051,8895,0.5367521933268461,0.5330115321116354,0.5425519955030916,0.3333333333333333,0.5500456343170064,0.7284258504192584,0.5616477272727273,0.7611931025369978,0.4985632183908046,0.7150960781300745,0.7349050103621102,0.294884766722878,0.003813495547627558,-0.009849340569106186,0.018073224586996478
