representation,strategy,evaluation,held_out_domain,n,balanced_accuracy,macro_f1,accuracy,chance_balanced_accuracy,recall_degraded,auroc_degraded,recall_neutral,auroc_neutral,recall_improved,auroc_improved,macro_auroc_ovr,frangi_activation_rate,hard_gate_mean_delta_iou,always_frangi_mean_delta_iou,oracle_positive_mean_delta_iou,train_accuracy,train_balanced_accuracy
mean,balanced_ba,leave_domain_out,concrete3k,3000,0.33766586592673553,0.30825054679072056,0.327,0.3333333333333333,0.22522522522522523,0.4742835320870003,0.5741360089186176,0.5732682142779519,0.21363636363636362,0.45954351204351207,0.5023650861361547,0.23633333333333334,-0.004322377844347874,-0.009691222538392056,0.017186109663734156,,
mean,uniform_ba,leave_domain_out,concrete3k,3000,0.34625537669015927,0.2820149126882556,0.3383333333333333,0.3333333333333333,0.19057519057519057,0.48295561012324023,0.7603121516164995,0.578657340922428,0.08787878787878788,0.4626333851333851,0.5080821120596845,0.10333333333333333,-0.0023404927066524362,-0.009691222538392056,0.017186109663734156,,
mean,uniform_accuracy,leave_domain_out,concrete3k,3000,0.34625537669015927,0.2820149126882556,0.3383333333333333,0.3333333333333333,0.19057519057519057,0.48295561012324023,0.7603121516164995,0.578657340922428,0.08787878787878788,0.4626333851333851,0.5080821120596845,0.10333333333333333,-0.0023404927066524362,-0.009691222538392056,0.017186109663734156,,
mean,balanced_ba,leave_domain_out,facade390,390,0.41170634920634924,0.2714445735147693,0.28205128205128205,0.3333333333333333,0.08333333333333333,0.5806978705460679,0.7142857142857143,0.657088122605364,0.4375,0.5430499096657633,0.5936119676057318,0.36923076923076925,0.0002940423273709219,-0.016428867438774194,0.040762498642981836,,
mean,uniform_ba,leave_domain_out,facade390,390,0.4034002489884843,0.2913359012579075,0.28717948717948716,0.3333333333333333,0.17647058823529413,0.5186854311617121,0.7142857142857143,0.6167898193760262,0.3194444444444444,0.5692468383017164,0.5682406962798182,0.23846153846153847,0.004334859888167742,-0.016428867438774194,0.040762498642981836,,
mean,uniform_accuracy,leave_domain_out,facade390,390,0.4169779022720199,0.25359037314979027,0.2512820512820513,0.3333333333333333,0.08823529411764706,0.5790638836179633,0.8571428571428571,0.6601669403393541,0.3055555555555556,0.5394647696476964,0.5928985312016714,0.23076923076923078,0.0036466855659930985,-0.016428867438774194,0.040762498642981836,,
mean,balanced_ba,leave_domain_out,khanhha,5085,0.3284295696152651,0.31275881896208707,0.3160275319567355,0.3333333333333333,0.35441278665740095,0.5377841319530346,0.27852084972462626,0.5417303110341621,0.3523550724637681,0.4543730591687326,0.5112958340519764,0.4121927236971485,-0.005604293128235083,-0.009132674407740448,0.013764900764687657,,
mean,uniform_ba,leave_domain_out,khanhha,5085,0.3305732156462701,0.30501164256101626,0.3111111111111111,0.3333333333333333,0.4662960389159138,0.5405840436671868,0.23013375295043273,0.5405376075946899,0.29528985507246375,0.4520702276028527,0.5110639596215766,0.3343166175024582,-0.004047078423042217,-0.009132674407740448,0.013764900764687657,,
mean,uniform_accuracy,leave_domain_out,khanhha,5085,0.3305732156462701,0.30501164256101626,0.3111111111111111,0.3333333333333333,0.4662960389159138,0.5405840436671868,0.23013375295043273,0.5405376075946899,0.29528985507246375,0.4520702276028527,0.5110639596215766,0.3343166175024582,-0.004047078423042217,-0.009132674407740448,0.013764900764687657,,
mean,balanced_ba,leave_domain_out,road420,420,0.35902963813411576,0.22226847165534477,0.22142857142857142,0.3333333333333333,0.1890547263681592,0.526568072877621,0.7435897435897436,0.5956659263745878,0.14444444444444443,0.5092361111111111,0.5438233701211067,0.14523809523809525,-0.006973036709932991,-0.013545974006050579,0.0555026401212655,,
mean,uniform_ba,leave_domain_out,road420,420,0.3671471701322447,0.1890089354755563,0.20952380952380953,0.3333333333333333,0.25870646766169153,0.5325882005497626,0.8205128205128205,0.6209704556161249,0.022222222222222223,0.48886574074074074,0.5474747989688761,0.02857142857142857,-0.0020113800824081447,-0.013545974006050579,0.0555026401212655,,
mean,uniform_accuracy,leave_domain_out,road420,420,0.33344176553131777,0.17776701137195175,0.1761904761904762,0.3333333333333333,0.11442786069651742,0.5181853290624503,0.7692307692307693,0.570294097853153,0.11666666666666667,0.5511111111111111,0.5465301793422381,0.1,-0.0028684314773414275,-0.013545974006050579,0.0555026401212655,,
mean,balanced_ba,grouped_cv,all,8895,0.5357226994098144,0.5326310833268986,0.5431141090500281,0.3333333333333333,0.5643443869790082,0.7198115864727993,0.5576704545454545,0.7534102536997885,0.48515325670498083,0.6922702401798463,0.7218306934508113,0.2915120854412591,0.003487648131895692,-0.009849340569106186,0.018073224586996478,0.5808906645147239,0.577483404851518
mean,uniform_ba,grouped_cv,all,8895,0.5236658021110291,0.5223944096007952,0.5580663293985385,0.3333333333333333,0.6391846668694858,0.7240035205475944,0.640625,0.756593287526427,0.29118773946360155,0.6870809123130517,0.7225592401290243,0.15401911186059583,0.0035729774897539346,-0.009849340569106186,0.018073224586996478,0.6006312994660215,0.5676835134404645
mean,uniform_accuracy,grouped_cv,all,8895,0.5176338629812279,0.5149500387872128,0.5551433389544688,0.3333333333333333,0.6422269546699118,0.7222480206684614,0.6463068181818182,0.7557758985200845,0.26436781609195403,0.6929415262742264,0.7236551484875907,0.13794266441821249,0.0032926511900566854,-0.009849340569106186,0.018073224586996478,0.5881942926104001,0.5518877997509788
multiscale_mean,balanced_ba,grouped_cv,all,8895,0.538588278190145,0.5356896325471937,0.546486790331647,0.3333333333333333,0.5625190142987526,0.728263916947713,0.5676136363636364,0.7610357822410148,0.48563218390804597,0.6985824824231535,0.7292940605372937,0.2867903316469927,0.003948688416720901,-0.009849340569106186,0.018073224586996478,0.5948229928476447,0.5922074373122386
multiscale_mean,uniform_ba,grouped_cv,all,8895,0.529002018800618,0.5288966974138705,0.5611017425519955,0.3333333333333333,0.6297535746881655,0.7305309313002808,0.6440340909090909,0.7620118921775898,0.3132183908045977,0.6967955991887999,0.7297794742222234,0.1611017425519955,0.003808576214842442,-0.009849340569106186,0.018073224586996478,0.613098228538399,0.5830223294847144
multiscale_mean,uniform_accuracy,grouped_cv,all,8895,0.5265032609003568,0.5257438013971525,0.5604272062956718,0.3333333333333333,0.6364466078491026,0.7312704003624707,0.6451704545454545,0.763173044397463,0.2978927203065134,0.6995150782916166,0.7313195076838501,0.152557616638561,0.003641865171145812,-0.009849340569106186,0.018073224586996478,0.6076758541091752,0.5761791788974726
pre_global_mean,balanced_ba,grouped_cv,all,8895,0.5338780993947179,0.5306310853416177,0.5408656548622822,0.3333333333333333,0.5606936416184971,0.7191730749283803,0.5548295454545454,0.7542019027484144,0.4861111111111111,0.7000911699529502,0.7244887158765817,0.2919617762788083,0.003869090468311535,-0.009849340569106186,0.018073224586996478,0.6056905673883664,0.6045001024628698
pre_global_mean,uniform_ba,grouped_cv,all,8895,0.5176568848972151,0.5166522927345927,0.5524451939291737,0.3333333333333333,0.6285366595679951,0.7188841986349198,0.6409090909090909,0.7566113636363636,0.2835249042145594,0.6979111963287735,0.7244689195333524,0.14356379988757728,0.0027868231800445985,-0.009849340569106186,0.018073224586996478,0.617980729360945,0.5862117819623782
pre_global_mean,uniform_accuracy,grouped_cv,all,8895,0.5163951807607458,0.5149171393021246,0.5523327712197864,0.3333333333333333,0.6404015819896562,0.7190569276712351,0.6357954545454545,0.7555867864693446,0.27298850574712646,0.6984573858215596,0.7243670333207132,0.1340078695896571,0.002976917476917813,-0.009849340569106186,0.018073224586996478,0.6055282562561045,0.5710419240922269
